"abbreviation"	"name"	"compartment"
"s_0028"	"s_0028"	NA
"s_0679"	"s_0679"	NA
"s_0680"	"s_0680"	NA
"s_1277"	"s_1277"	NA
"s_0030"	"s_0030"	NA
"s_1279"	"s_1279"	NA
"s_0038"	"s_0038"	NA
"s_1082"	"s_1082"	NA
"s_0023"	"s_0023"	NA
"s_0764_b"	"s_0764_b"	NA
"s_1087"	"s_1087"	NA
"s_0066"	"s_0066"	NA
"s_1415"	"s_1415"	NA
"s_0001"	"s_0001"	NA
"s_1411"	"s_1411"	NA
"s_0438"	"s_0438"	NA
"s_0743"	"s_0743"	NA
"s_1434_b"	"s_1434_b"	NA
"s_0004"	"s_0004"	NA
"s_0079"	"s_0079"	NA
"s_0315"	"s_0315"	NA
"s_0083"	"s_0083"	NA
"s_0386"	"s_0386"	NA
"s_0515"	"s_0515"	NA
"s_0765_b"	"s_0765_b"	NA
"s_1217"	"s_1217"	NA
"s_0106"	"s_0106"	NA
"s_0452"	"s_0452"	NA
"s_0772_b"	"s_0772_b"	NA
"s_0101"	"s_0101"	NA
"s_0406"	"s_0406"	NA
"s_0102"	"s_0102"	NA
"s_0446"	"s_0446"	NA
"s_0097"	"s_0097"	NA
"s_0400"	"s_0400"	NA
"s_0121"	"s_0121"	NA
"s_1084"	"s_1084"	NA
"s_1439_b"	"s_1439_b"	NA
"s_0769_b"	"s_0769_b"	NA
"s_0901"	"s_0901"	NA
"s_1089"	"s_1089"	NA
"s_0314"	"s_0314"	NA
"s_0300"	"s_0300"	NA
"s_0689"	"s_0689"	NA
"s_1207"	"s_1207"	NA
"s_0146"	"s_0146"	NA
"s_0319"	"s_0319"	NA
"s_0430"	"s_0430"	NA
"s_0145"	"s_0145"	NA
"s_1096"	"s_1096"	NA
"s_1091"	"s_1091"	NA
"s_0184"	"s_0184"	NA
"s_0042"	"s_0042"	NA
"s_0474"	"s_0474"	NA
"s_0152"	"s_0152"	NA
"s_0449"	"s_0449"	NA
"s_0005"	"s_0005"	NA
"s_0435"	"s_0435"	NA
"s_0181"	"s_0181"	NA
"s_0899"	"s_0899"	NA
"s_0185"	"s_0185"	NA
"s_0861"	"s_0861"	NA
"s_0153"	"s_0153"	NA
"s_0032"	"s_0032"	NA
"s_0154"	"s_0154"	NA
"s_1098"	"s_1098"	NA
"s_0033"	"s_0033"	NA
"s_1094"	"s_1094"	NA
"s_0534"	"s_0534"	NA
"s_1244"	"s_1244"	NA
"s_0357"	"s_0357"	NA
"s_1211"	"s_1211"	NA
"s_0160"	"s_0160"	NA
"s_1296"	"s_1296"	NA
"s_0161"	"s_0161"	NA
"s_1292"	"s_1292"	NA
"s_0162"	"s_0162"	NA
"s_1163"	"s_1163"	NA
"s_0164"	"s_0164"	NA
"s_0183"	"s_0183"	NA
"s_0170"	"s_0170"	NA
"s_0167"	"s_0167"	NA
"s_0238"	"s_0238"	NA
"s_0380"	"s_0380"	NA
"s_0514"	"s_0514"	NA
"s_0239"	"s_0239"	NA
"s_0383"	"s_0383"	NA
"s_0169"	"s_0169"	NA
"s_0517"	"s_0517"	NA
"s_0933"	"s_0933"	NA
"s_0798"	"s_0798"	NA
"s_0468"	"s_0468"	NA
"s_1158"	"s_1158"	NA
"s_1263"	"s_1263"	NA
"s_0179"	"s_0179"	NA
"s_0010"	"s_0010"	NA
"s_0297"	"s_0297"	NA
"s_0470"	"s_0470"	NA
"s_0011"	"s_0011"	NA
"s_0298"	"s_0298"	NA
"s_0397"	"s_0397"	NA
"s_0434"	"s_0434"	NA
"s_0197"	"s_0197"	NA
"s_0199"	"s_0199"	NA
"s_0564"	"s_0564"	NA
"s_0201"	"s_0201"	NA
"s_0816"	"s_0816"	NA
"s_0200"	"s_0200"	NA
"s_0752"	"s_0752"	NA
"s_0198"	"s_0198"	NA
"s_0511"	"s_0511"	NA
"s_0557"	"s_0557"	NA
"s_0163"	"s_0163"	NA
"s_0210"	"s_0210"	NA
"s_0208"	"s_0208"	NA
"s_0216"	"s_0216"	NA
"s_0217"	"s_0217"	NA
"s_0356"	"s_0356"	NA
"s_0218"	"s_0218"	NA
"s_1097"	"s_1097"	NA
"s_1092"	"s_1092"	NA
"s_1325"	"s_1325"	NA
"s_0533"	"s_0533"	NA
"s_1243"	"s_1243"	NA
"s_0222"	"s_0222"	NA
"s_1160"	"s_1160"	NA
"s_0219"	"s_0219"	NA
"s_0221"	"s_0221"	NA
"s_0229"	"s_0229"	NA
"s_0231"	"s_0231"	NA
"s_0863"	"s_0863"	NA
"s_0045"	"s_0045"	NA
"s_1385"	"s_1385"	NA
"s_1441_b"	"s_1441_b"	NA
"s_0051"	"s_0051"	NA
"s_1388"	"s_1388"	NA
"s_1391"	"s_1391"	NA
"s_0048"	"s_0048"	NA
"s_0054"	"s_0054"	NA
"s_0785"	"s_0785"	NA
"s_0236"	"s_0236"	NA
"s_1394"	"s_1394"	NA
"s_0057"	"s_0057"	NA
"s_1397"	"s_1397"	NA
"s_0245"	"s_0245"	NA
"s_0771_b"	"s_0771_b"	NA
"s_1090"	"s_1090"	NA
"s_1086"	"s_1086"	NA
"s_0253"	"s_0253"	NA
"s_0249"	"s_0249"	NA
"s_0259"	"s_0259"	NA
"s_0256"	"s_0256"	NA
"s_0263"	"s_0263"	NA
"s_0151"	"s_0151"	NA
"s_0008"	"s_0008"	NA
"s_1293"	"s_1293"	NA
"s_0224"	"s_0224"	NA
"s_1290"	"s_1290"	NA
"s_0844"	"s_0844"	NA
"s_0307"	"s_0307"	NA
"s_0309"	"s_0309"	NA
"s_0059"	"s_0059"	NA
"s_0174"	"s_0174"	NA
"s_0267"	"s_0267"	NA
"s_0330"	"s_0330"	NA
"s_0272"	"s_0272"	NA
"s_0369"	"s_0369"	NA
"s_0701"	"s_0701"	NA
"s_0500"	"s_0500"	NA
"s_0907"	"s_0907"	NA
"s_0275"	"s_0275"	NA
"s_0316"	"s_0316"	NA
"s_0276"	"s_0276"	NA
"s_0745"	"s_0745"	NA
"s_0277"	"s_0277"	NA
"s_1341"	"s_1341"	NA
"s_0270"	"s_0270"	NA
"s_0291"	"s_0291"	NA
"s_0296"	"s_0296"	NA
"s_0293"	"s_0293"	NA
"s_0284"	"s_0284"	NA
"s_1378"	"s_1378"	NA
"s_0240"	"s_0240"	NA
"s_0285"	"s_0285"	NA
"s_1026"	"s_1026"	NA
"s_0269"	"s_0269"	NA
"s_0305"	"s_0305"	NA
"s_0390"	"s_0390"	NA
"s_1299"	"s_1299"	NA
"s_0393"	"s_0393"	NA
"s_0525"	"s_0525"	NA
"s_0134"	"s_0134"	NA
"s_0569"	"s_0569"	NA
"s_0136"	"s_0136"	NA
"s_0593"	"s_0593"	NA
"s_0138"	"s_0138"	NA
"s_0619"	"s_0619"	NA
"s_1373"	"s_1373"	NA
"s_0624"	"s_0624"	NA
"s_0142"	"s_0142"	NA
"s_0760"	"s_0760"	NA
"s_0822"	"s_0822"	NA
"s_1417"	"s_1417"	NA
"s_1427"	"s_1427"	NA
"s_0306"	"s_0306"	NA
"s_1443"	"s_1443"	NA
"s_0328"	"s_0328"	NA
"s_0742"	"s_0742"	NA
"s_1344"	"s_1344"	NA
"s_0323"	"s_0323"	NA
"s_0324"	"s_0324"	NA
"s_0326"	"s_0326"	NA
"s_0015"	"s_0015"	NA
"s_0327"	"s_0327"	NA
"s_0016"	"s_0016"	NA
"s_0403"	"s_0403"	NA
"s_0122"	"s_0122"	NA
"s_0329"	"s_0329"	NA
"s_0917"	"s_0917"	NA
"s_1362"	"s_1362"	NA
"s_1300"	"s_1300"	NA
"s_0312"	"s_0312"	NA
"s_0539"	"s_0539"	NA
"s_0454"	"s_0454"	NA
"s_0342"	"s_0342"	NA
"s_0347"	"s_0347"	NA
"s_0340"	"s_0340"	NA
"s_1249"	"s_1249"	NA
"s_0359"	"s_0359"	NA
"s_0366"	"s_0366"	NA
"s_0150"	"s_0150"	NA
"s_0018"	"s_0018"	NA
"s_1495_b"	"s_1495_b"	NA
"s_0378"	"s_0378"	NA
"s_1496_b"	"s_1496_b"	NA
"s_0379"	"s_0379"	NA
"s_0519"	"s_0519"	NA
"s_0385"	"s_0385"	NA
"s_1190"	"s_1190"	NA
"s_1358"	"s_1358"	NA
"s_1047"	"s_1047"	NA
"s_0374"	"s_0374"	NA
"s_0377"	"s_0377"	NA
"s_0980"	"s_0980"	NA
"s_1143"	"s_1143"	NA
"s_0585"	"s_0585"	NA
"s_0460"	"s_0460"	NA
"s_1008"	"s_1008"	NA
"s_0458"	"s_0458"	NA
"s_1005"	"s_1005"	NA
"s_0372"	"s_0372"	NA
"s_0605"	"s_0605"	NA
"s_0608"	"s_0608"	NA
"s_0373"	"s_0373"	NA
"s_0450"	"s_0450"	NA
"s_0518"	"s_0518"	NA
"s_0384"	"s_0384"	NA
"s_0436"	"s_0436"	NA
"s_0609"	"s_0609"	NA
"s_1071"	"s_1071"	NA
"s_1070"	"s_1070"	NA
"s_0684_b"	"s_0684_b"	NA
"s_1436_b"	"s_1436_b"	NA
"s_1209_b"	"s_1209_b"	NA
"s_1284_b"	"s_1284_b"	NA
"s_0012"	"s_0012"	NA
"s_0149"	"s_0149"	NA
"s_0187"	"s_0187"	NA
"s_1051"	"s_1051"	NA
"s_0399"	"s_0399"	NA
"s_1193"	"s_1193"	NA
"s_1164"	"s_1164"	NA
"s_0804"	"s_0804"	NA
"s_0781"	"s_0781"	NA
"s_1337"	"s_1337"	NA
"s_0628"	"s_0628"	NA
"s_1148"	"s_1148"	NA
"s_0630"	"s_0630"	NA
"s_0637"	"s_0637"	NA
"s_0645"	"s_0645"	NA
"s_0671"	"s_0671"	NA
"s_0677"	"s_0677"	NA
"s_0964"	"s_0964"	NA
"s_0966"	"s_0966"	NA
"s_1449"	"s_1449"	NA
"s_1459"	"s_1459"	NA
"s_1184"	"s_1184"	NA
"s_0631"	"s_0631"	NA
"s_0646"	"s_0646"	NA
"s_0678"	"s_0678"	NA
"s_0967"	"s_0967"	NA
"s_1460"	"s_1460"	NA
"s_2636"	"s_2636"	NA
"s_2635"	"s_2635"	NA
"s_0336"	"s_0336"	NA
"s_1188"	"s_1188"	NA
"s_0337"	"s_0337"	NA
"s_0808"	"s_0808"	NA
"s_0331"	"s_0331"	NA
"s_0555"	"s_0555"	NA
"s_1297"	"s_1297"	NA
"s_0348"	"s_0348"	NA
"s_1289"	"s_1289"	NA
"s_0755"	"s_0755"	NA
"s_0706"	"s_0706"	NA
"s_0756"	"s_0756"	NA
"s_0708"	"s_0708"	NA
"s_0857"	"s_0857"	NA
"s_0811"	"s_0811"	NA
"s_0858"	"s_0858"	NA
"s_0812"	"s_0812"	NA
"s_0009"	"s_0009"	NA
"s_0317"	"s_0317"	NA
"s_0692"	"s_0692"	NA
"s_0881"	"s_0881"	NA
"s_1053"	"s_1053"	NA
"s_0304"	"s_0304"	NA
"s_0206"	"s_0206"	NA
"s_0133"	"s_0133"	NA
"s_0396"	"s_0396"	NA
"s_0749"	"s_0749"	NA
"s_0740"	"s_0740"	NA
"s_1461_b"	"s_1461_b"	NA
"s_0409"	"s_0409"	NA
"s_0171"	"s_0171"	NA
"s_0177"	"s_0177"	NA
"s_0650"	"s_0650"	NA
"s_0655"	"s_0655"	NA
"s_0836"	"s_0836"	NA
"s_0834"	"s_0834"	NA
"s_0839"	"s_0839"	NA
"s_0842"	"s_0842"	NA
"s_0190"	"s_0190"	NA
"s_1201"	"s_1201"	NA
"s_0550"	"s_0550"	NA
"s_0732"	"s_0732"	NA
"s_0368"	"s_0368"	NA
"s_0652"	"s_0652"	NA
"s_0176"	"s_0176"	NA
"s_0173"	"s_0173"	NA
"s_1203"	"s_1203"	NA
"s_1205"	"s_1205"	NA
"s_0192"	"s_0192"	NA
"s_0214"	"s_0214"	NA
"s_0453"	"s_0453"	NA
"s_0819"	"s_0819"	NA
"s_0821"	"s_0821"	NA
"s_0817"	"s_0817"	NA
"s_0820"	"s_0820"	NA
"s_0242"	"s_0242"	NA
"s_0838"	"s_0838"	NA
"s_0846"	"s_0846"	NA
"s_0841"	"s_0841"	NA
"s_1206"	"s_1206"	NA
"s_1404"	"s_1404"	NA
"s_1406"	"s_1406"	NA
"s_0353"	"s_0353"	NA
"s_0350"	"s_0350"	NA
"s_0412"	"s_0412"	NA
"s_1423"	"s_1423"	NA
"s_1426"	"s_1426"	NA
"s_0414"	"s_0414"	NA
"s_1425"	"s_1425"	NA
"s_0457"	"s_0457"	NA
"s_0711"	"s_0711"	NA
"s_0424"	"s_0424"	NA
"s_0707"	"s_0707"	NA
"s_0767_b"	"s_0767_b"	NA
"s_0416"	"s_0416"	NA
"s_0545"	"s_0545"	NA
"s_0418"	"s_0418"	NA
"s_1442_b"	"s_1442_b"	NA
"s_0548"	"s_0548"	NA
"s_0410"	"s_0410"	NA
"s_0419"	"s_0419"	NA
"s_0546"	"s_0546"	NA
"s_0728"	"s_0728"	NA
"s_0726"	"s_0726"	NA
"s_0615"	"s_0615"	NA
"s_0725"	"s_0725"	NA
"s_0727"	"s_0727"	NA
"s_1009"	"s_1009"	NA
"s_0286"	"s_0286"	NA
"s_0287"	"s_0287"	NA
"s_0429"	"s_0429"	NA
"s_0801"	"s_0801"	NA
"s_1019"	"s_1019"	NA
"s_0281"	"s_0281"	NA
"s_0705"	"s_0705"	NA
"s_0439"	"s_0439"	NA
"s_1066"	"s_1066"	NA
"s_1167"	"s_1167"	NA
"s_0871"	"s_0871"	NA
"s_0869"	"s_0869"	NA
"s_0873"	"s_0873"	NA
"s_1151"	"s_1151"	NA
"s_0017"	"s_0017"	NA
"s_0887"	"s_0887"	NA
"s_1462_b"	"s_1462_b"	NA
"s_0440"	"s_0440"	NA
"s_0875"	"s_0875"	NA
"s_1463_b"	"s_1463_b"	NA
"s_0441"	"s_0441"	NA
"s_0877"	"s_0877"	NA
"s_1464_b"	"s_1464_b"	NA
"s_0442"	"s_0442"	NA
"s_0879"	"s_0879"	NA
"s_1465_b"	"s_1465_b"	NA
"s_0443"	"s_0443"	NA
"s_0469"	"s_0469"	NA
"s_1073"	"s_1073"	NA
"s_0301"	"s_0301"	NA
"s_0658"	"s_0658"	NA
"s_0660"	"s_0660"	NA
"s_0815"	"s_0815"	NA
"s_1156"	"s_1156"	NA
"s_0883"	"s_0883"	NA
"s_0189"	"s_0189"	NA
"s_0884"	"s_0884"	NA
"s_0903"	"s_0903"	NA
"s_1159"	"s_1159"	NA
"s_0886"	"s_0886"	NA
"s_1466_b"	"s_1466_b"	NA
"s_0444"	"s_0444"	NA
"s_1467_b"	"s_1467_b"	NA
"s_0445"	"s_0445"	NA
"s_1169"	"s_1169"	NA
"s_1168"	"s_1168"	NA
"s_0334"	"s_0334"	NA
"s_0402"	"s_0402"	NA
"s_1210"	"s_1210"	NA
"s_0448"	"s_0448"	NA
"s_1437_b"	"s_1437_b"	NA
"s_1214"	"s_1214"	NA
"s_0766_b"	"s_0766_b"	NA
"s_0710"	"s_0710"	NA
"s_1055"	"s_1055"	NA
"s_0456"	"s_0456"	NA
"s_0475"	"s_0475"	NA
"s_1440_b"	"s_1440_b"	NA
"s_0461"	"s_0461"	NA
"s_0770_b"	"s_0770_b"	NA
"s_0476"	"s_0476"	NA
"s_0462"	"s_0462"	NA
"s_0472_b"	"s_0472_b"	NA
"s_0459_b"	"s_0459_b"	NA
"s_0590"	"s_0590"	NA
"s_1252"	"s_1252"	NA
"s_0465"	"s_0465"	NA
"s_0467"	"s_0467"	NA
"s_0268"	"s_0268"	NA
"s_0124"	"s_0124"	NA
"s_0634"	"s_0634"	NA
"s_0632"	"s_0632"	NA
"s_1457"	"s_1457"	NA
"s_1458"	"s_1458"	NA
"s_0303"	"s_0303"	NA
"s_0215"	"s_0215"	NA
"s_0302"	"s_0302"	NA
"s_1448"	"s_1448"	NA
"s_1455"	"s_1455"	NA
"s_1456"	"s_1456"	NA
"s_0627"	"s_0627"	NA
"s_0670"	"s_0670"	NA
"s_0633"	"s_0633"	NA
"s_2531"	"s_2531"	NA
"s_2532"	"s_2532"	NA
"s_2533"	"s_2533"	NA
"s_2534"	"s_2534"	NA
"s_2535"	"s_2535"	NA
"s_2536"	"s_2536"	NA
"s_0292"	"s_0292"	NA
"s_1115"	"s_1115"	NA
"s_1114"	"s_1114"	NA
"s_0487"	"s_0487"	NA
"s_1240"	"s_1240"	NA
"s_0480"	"s_0480"	NA
"s_0513"	"s_0513"	NA
"s_0024"	"s_0024"	NA
"s_1119"	"s_1119"	NA
"s_0027"	"s_0027"	NA
"s_1121"	"s_1121"	NA
"s_0026"	"s_0026"	NA
"s_1120"	"s_1120"	NA
"s_0522"	"s_0522"	NA
"s_0486"	"s_0486"	NA
"s_0606"	"s_0606"	NA
"s_0523"	"s_0523"	NA
"s_1218"	"s_1218"	NA
"s_1080"	"s_1080"	NA
"s_1161"	"s_1161"	NA
"s_1079"	"s_1079"	NA
"s_1435_b"	"s_1435_b"	NA
"s_1060"	"s_1060"	NA
"s_1077"	"s_1077"	NA
"s_1076"	"s_1076"	NA
"s_1064"	"s_1064"	NA
"s_1356"	"s_1356"	NA
"s_0779"	"s_0779"	NA
"s_1247"	"s_1247"	NA
"s_1058"	"s_1058"	NA
"s_1062"	"s_1062"	NA
"s_0494"	"s_0494"	NA
"s_0495"	"s_0495"	NA
"s_1416"	"s_1416"	NA
"s_0497"	"s_0497"	NA
"s_0499"	"s_0499"	NA
"s_0521"	"s_0521"	NA
"s_0483"	"s_0483"	NA
"s_0488"	"s_0488"	NA
"s_0596"	"s_0596"	NA
"s_1234"	"s_1234"	NA
"s_0077"	"s_0077"	NA
"s_0484"	"s_0484"	NA
"s_0076"	"s_0076"	NA
"s_0512"	"s_0512"	NA
"s_0597"	"s_0597"	NA
"s_1230"	"s_1230"	NA
"s_1258"	"s_1258"	NA
"s_0502"	"s_0502"	NA
"s_0848"	"s_0848"	NA
"s_0501"	"s_0501"	NA
"s_0847"	"s_0847"	NA
"s_0662"	"s_0662"	NA
"s_0851"	"s_0851"	NA
"s_0607"	"s_0607"	NA
"s_0713"	"s_0713"	NA
"s_0768_b"	"s_0768_b"	NA
"s_1197"	"s_1197"	NA
"s_0794"	"s_0794"	NA
"s_0777"	"s_0777"	NA
"s_1144"	"s_1144"	NA
"s_1116"	"s_1116"	NA
"s_0586"	"s_0586"	NA
"s_1420"	"s_1420"	NA
"s_0612"	"s_0612"	NA
"s_1398"	"s_1398"	NA
"s_1359"	"s_1359"	NA
"s_1195"	"s_1195"	NA
"s_0793"	"s_0793"	NA
"s_0776"	"s_0776"	NA
"s_1131"	"s_1131"	NA
"s_1113"	"s_1113"	NA
"s_0810"	"s_0810"	NA
"s_0775"	"s_0775"	NA
"s_0611"	"s_0611"	NA
"s_0509"	"s_0509"	NA
"s_0510"	"s_0510"	NA
"s_0507"	"s_0507"	NA
"s_0427"	"s_0427"	NA
"s_0527"	"s_0527"	NA
"s_0520"	"s_0520"	NA
"s_1265"	"s_1265"	NA
"s_1430"	"s_1430"	NA
"s_0888"	"s_0888"	NA
"s_0943"	"s_0943"	NA
"s_0889"	"s_0889"	NA
"s_1117"	"s_1117"	NA
"s_0805"	"s_0805"	NA
"s_1118"	"s_1118"	NA
"s_1468_b"	"s_1468_b"	NA
"s_0524"	"s_0524"	NA
"s_0481"	"s_0481"	NA
"s_0567"	"s_0567"	NA
"s_0963"	"s_0963"	NA
"s_1421"	"s_1421"	NA
"s_0529"	"s_0529"	NA
"s_0587"	"s_0587"	NA
"s_0530"	"s_0530"	NA
"s_0538"	"s_0538"	NA
"s_0735"	"s_0735"	NA
"s_0543"	"s_0543"	NA
"s_0535"	"s_0535"	NA
"s_0906"	"s_0906"	NA
"s_0570"	"s_0570"	NA
"s_0626"	"s_0626"	NA
"s_0140"	"s_0140"	NA
"s_0562"	"s_0562"	NA
"s_0591"	"s_0591"	NA
"s_1321"	"s_1321"	NA
"s_1410"	"s_1410"	NA
"s_0280"	"s_0280"	NA
"s_1401"	"s_1401"	NA
"s_1409"	"s_1409"	NA
"s_0156"	"s_0156"	NA
"s_0157"	"s_0157"	NA
"s_0155"	"s_0155"	NA
"s_0202"	"s_0202"	NA
"s_0205"	"s_0205"	NA
"s_0387"	"s_0387"	NA
"s_0598"	"s_0598"	NA
"s_0516"	"s_0516"	NA
"s_1400"	"s_1400"	NA
"s_1216"	"s_1216"	NA
"s_1323"	"s_1323"	NA
"s_1050"	"s_1050"	NA
"s_0064"	"s_0064"	NA
"s_1154"	"s_1154"	NA
"s_0601"	"s_0601"	NA
"s_0602"	"s_0602"	NA
"s_0310"	"s_0310"	NA
"s_0354"	"s_0354"	NA
"s_0351"	"s_0351"	NA
"s_0747"	"s_0747"	NA
"s_0352"	"s_0352"	NA
"s_0279"	"s_0279"	NA
"s_0355"	"s_0355"	NA
"s_0007"	"s_0007"	NA
"s_0063"	"s_0063"	NA
"s_0734"	"s_0734"	NA
"s_0850"	"s_0850"	NA
"s_1257"	"s_1257"	NA
"s_0712"	"s_0712"	NA
"s_0265"	"s_0265"	NA
"s_0144"	"s_0144"	NA
"s_1024"	"s_1024"	NA
"s_0147"	"s_0147"	NA
"s_0148"	"s_0148"	NA
"s_0613"	"s_0613"	NA
"s_0616"	"s_0616"	NA
"s_0617"	"s_0617"	NA
"s_1012"	"s_1012"	NA
"s_0618"	"s_0618"	NA
"s_1194_b"	"s_1194_b"	NA
"s_0542_b"	"s_0542_b"	NA
"s_0193"	"s_0193"	NA
"s_0230"	"s_0230"	NA
"s_1377"	"s_1377"	NA
"s_0653"	"s_0653"	NA
"s_1124"	"s_1124"	NA
"s_0003_b"	"s_0003_b"	NA
"s_0547_b"	"s_0547_b"	NA
"s_0661"	"s_0661"	NA
"s_1500_b"	"s_1500_b"	NA
"s_1499_b"	"s_1499_b"	NA
"s_0195"	"s_0195"	NA
"s_0194"	"s_0194"	NA
"s_1361"	"s_1361"	NA
"s_1099"	"s_1099"	NA
"s_1095"	"s_1095"	NA
"s_1150"	"s_1150"	NA
"s_1130"	"s_1130"	NA
"s_1133"	"s_1133"	NA
"s_0575"	"s_0575"	NA
"s_0969"	"s_0969"	NA
"s_1029"	"s_1029"	NA
"s_1036"	"s_1036"	NA
"s_1171"	"s_1171"	NA
"s_1178"	"s_1178"	NA
"s_1329"	"s_1329"	NA
"s_1145"	"s_1145"	NA
"s_0988"	"s_0988"	NA
"s_0491"	"s_0491"	NA
"s_0479"	"s_0479"	NA
"s_1139"	"s_1139"	NA
"s_1140"	"s_1140"	NA
"s_0582"	"s_0582"	NA
"s_0451"	"s_0451"	NA
"s_0580"	"s_0580"	NA
"s_0437"	"s_0437"	NA
"s_0610"	"s_0610"	NA
"s_0974"	"s_0974"	NA
"s_1187"	"s_1187"	NA
"s_1176"	"s_1176"	NA
"s_0782"	"s_0782"	NA
"s_1183"	"s_1183"	NA
"s_0993"	"s_0993"	NA
"s_0492"	"s_0492"	NA
"s_1334"	"s_1334"	NA
"s_1147"	"s_1147"	NA
"s_0995"	"s_0995"	NA
"s_1129"	"s_1129"	NA
"s_1138"	"s_1138"	NA
"s_1044"	"s_1044"	NA
"s_1034"	"s_1034"	NA
"s_1360"	"s_1360"	NA
"s_1041"	"s_1041"	NA
"s_0975"	"s_0975"	NA
"s_1042"	"s_1042"	NA
"s_0073"	"s_0073"	NA
"s_1185"	"s_1185"	NA
"s_0503"	"s_0503"	NA
"s_1332"	"s_1332"	NA
"s_0505"	"s_0505"	NA
"s_1127"	"s_1127"	NA
"s_0581"	"s_0581"	NA
"s_0976"	"s_0976"	NA
"s_1043"	"s_1043"	NA
"s_0074"	"s_0074"	NA
"s_1186"	"s_1186"	NA
"s_0504"	"s_0504"	NA
"s_1333"	"s_1333"	NA
"s_0506"	"s_0506"	NA
"s_1128"	"s_1128"	NA
"s_0977"	"s_0977"	NA
"s_0833"	"s_0833"	NA
"s_1264"	"s_1264"	NA
"s_0681"	"s_0681"	NA
"s_0802"	"s_0802"	NA
"s_0683"	"s_0683"	NA
"s_0657"	"s_0657"	NA
"s_0685"	"s_0685"	NA
"s_0686"	"s_0686"	NA
"s_0688"	"s_0688"	NA
"s_0717"	"s_0717"	NA
"s_1298"	"s_1298"	NA
"s_0691"	"s_0691"	NA
"s_0123"	"s_0123"	NA
"s_0537"	"s_0537"	NA
"s_0731"	"s_0731"	NA
"s_0069"	"s_0069"	NA
"s_0694"	"s_0694"	NA
"s_0071"	"s_0071"	NA
"s_1338"	"s_1338"	NA
"s_1340"	"s_1340"	NA
"s_0687"	"s_0687"	NA
"s_0891"	"s_0891"	NA
"s_0895"	"s_0895"	NA
"s_0540"	"s_0540"	NA
"s_0420"	"s_0420"	NA
"s_1413"	"s_1413"	NA
"s_0896"	"s_0896"	NA
"s_1196"	"s_1196"	NA
"s_0744"	"s_0744"	NA
"s_0455"	"s_0455"	NA
"s_0422"	"s_0422"	NA
"s_0411"	"s_0411"	NA
"s_0343"	"s_0343"	NA
"s_0894"	"s_0894"	NA
"s_0905"	"s_0905"	NA
"s_0333"	"s_0333"	NA
"s_1469_b"	"s_1469_b"	NA
"s_0714"	"s_0714"	NA
"s_1470_b"	"s_1470_b"	NA
"s_0715"	"s_0715"	NA
"s_1471_b"	"s_1471_b"	NA
"s_0716"	"s_0716"	NA
"s_0721"	"s_0721"	NA
"s_0723"	"s_0723"	NA
"s_0719"	"s_0719"	NA
"s_1315"	"s_1315"	NA
"s_1318"	"s_1318"	NA
"s_0738"	"s_0738"	NA
"s_0736"	"s_0736"	NA
"s_0388"	"s_0388"	NA
"s_0737"	"s_0737"	NA
"s_0389"	"s_0389"	NA
"s_1316"	"s_1316"	NA
"s_1317"	"s_1317"	NA
"s_0084"	"s_0084"	NA
"s_1311"	"s_1311"	NA
"s_0860"	"s_0860"	NA
"s_0308"	"s_0308"	NA
"s_0432"	"s_0432"	NA
"s_0946"	"s_0946"	NA
"s_1001"	"s_1001"	NA
"s_1286"	"s_1286"	NA
"s_0603"	"s_0603"	NA
"s_1002"	"s_1002"	NA
"s_1287"	"s_1287"	NA
"s_0604"	"s_0604"	NA
"s_0549"	"s_0549"	NA
"s_1472_b"	"s_1472_b"	NA
"s_0724"	"s_0724"	NA
"s_0748"	"s_0748"	NA
"s_1081"	"s_1081"	NA
"s_0757"	"s_0757"	NA
"s_0339"	"s_0339"	NA
"s_1502_b"	"s_1502_b"	NA
"s_0729"	"s_0729"	NA
"s_0730"	"s_0730"	NA
"s_0338"	"s_0338"	NA
"s_0370"	"s_0370"	NA
"s_0341"	"s_0341"	NA
"s_1235"	"s_1235"	NA
"s_0344"	"s_0344"	NA
"s_0346"	"s_0346"	NA
"s_0345"	"s_0345"	NA
"s_0364"	"s_0364"	NA
"s_0566"	"s_0566"	NA
"s_0774"	"s_0774"	NA
"s_0773"	"s_0773"	NA
"s_0196"	"s_0196"	NA
"s_0159"	"s_0159"	NA
"s_0551"	"s_0551"	NA
"s_0554"	"s_0554"	NA
"s_0915"	"s_0915"	NA
"s_0911"	"s_0911"	NA
"s_0916"	"s_0916"	NA
"s_0212"	"s_0212"	NA
"s_1473_b"	"s_1473_b"	NA
"s_0796"	"s_0796"	NA
"s_0913"	"s_0913"	NA
"s_1474_b"	"s_1474_b"	NA
"s_0797"	"s_0797"	NA
"s_1054"	"s_1054"	NA
"s_0800"	"s_0800"	NA
"s_0188"	"s_0188"	NA
"s_0799"	"s_0799"	NA
"s_0180"	"s_0180"	NA
"s_0919"	"s_0919"	NA
"s_1122"	"s_1122"	NA
"s_1521"	"s_1521"	NA
"s_1517"	"s_1517"	NA
"s_1522"	"s_1522"	NA
"s_1518"	"s_1518"	NA
"s_1524"	"s_1524"	NA
"s_1520"	"s_1520"	NA
"s_0036"	"s_0036"	NA
"s_0037"	"s_0037"	NA
"s_0795"	"s_0795"	NA
"s_0223"	"s_0223"	NA
"s_0313"	"s_0313"	NA
"s_0299"	"s_0299"	NA
"s_1253"	"s_1253"	NA
"s_1259"	"s_1259"	NA
"s_0031"	"s_0031"	NA
"s_0225"	"s_0225"	NA
"s_0228"	"s_0228"	NA
"s_0274"	"s_0274"	NA
"s_1273"	"s_1273"	NA
"s_1272"	"s_1272"	NA
"s_0532"	"s_0532"	NA
"s_0325"	"s_0325"	NA
"s_0078"	"s_0078"	NA
"s_0088"	"s_0088"	NA
"s_0213"	"s_0213"	NA
"s_1025"	"s_1025"	NA
"s_0404"	"s_0404"	NA
"s_1027"	"s_1027"	NA
"s_0125"	"s_0125"	NA
"s_0126"	"s_0126"	NA
"s_0127"	"s_0127"	NA
"s_0829"	"s_0829"	NA
"s_0830"	"s_0830"	NA
"s_0129"	"s_0129"	NA
"s_1013"	"s_1013"	NA
"s_0825"	"s_0825"	NA
"s_1061"	"s_1061"	NA
"s_0828"	"s_0828"	NA
"s_1065"	"s_1065"	NA
"s_1059"	"s_1059"	NA
"s_1063"	"s_1063"	NA
"s_0826"	"s_0826"	NA
"s_0130"	"s_0130"	NA
"s_0489"	"s_0489"	NA
"s_0827"	"s_0827"	NA
"s_0131"	"s_0131"	NA
"s_0490"	"s_0490"	NA
"s_0849"	"s_0849"	NA
"s_0920"	"s_0920"	NA
"s_0922"	"s_0922"	NA
"s_1475_b"	"s_1475_b"	NA
"s_0813"	"s_0813"	NA
"s_1476_b"	"s_1476_b"	NA
"s_0814"	"s_0814"	NA
"s_0853"	"s_0853"	NA
"s_0856"	"s_0856"	NA
"s_0924"	"s_0924"	NA
"s_0119"	"s_0119"	NA
"s_0648"	"s_0648"	NA
"s_0862"	"s_0862"	NA
"s_0865"	"s_0865"	NA
"s_0866"	"s_0866"	NA
"s_0867"	"s_0867"	NA
"s_0878_b"	"s_0878_b"	NA
"s_0431_b"	"s_0431_b"	NA
"s_0882_b"	"s_0882_b"	NA
"s_0647"	"s_0647"	NA
"s_0288"	"s_0288"	NA
"s_0289"	"s_0289"	NA
"s_0649"	"s_0649"	NA
"s_0290"	"s_0290"	NA
"s_0120"	"s_0120"	NA
"s_1380"	"s_1380"	NA
"s_0118"	"s_0118"	NA
"s_1379"	"s_1379"	NA
"s_0065"	"s_0065"	NA
"s_0868"	"s_0868"	NA
"s_0897"	"s_0897"	NA
"s_0947"	"s_0947"	NA
"s_0949"	"s_0949"	NA
"s_0951"	"s_0951"	NA
"s_0952"	"s_0952"	NA
"s_1074"	"s_1074"	NA
"s_0955"	"s_0955"	NA
"s_1075"	"s_1075"	NA
"s_0040"	"s_0040"	NA
"s_0925"	"s_0925"	NA
"s_0927"	"s_0927"	NA
"s_1477_b"	"s_1477_b"	NA
"s_0981"	"s_0981"	NA
"s_1478_b"	"s_1478_b"	NA
"s_0982"	"s_0982"	NA
"s_0983"	"s_0983"	NA
"s_0013"	"s_0013"	NA
"s_0984"	"s_0984"	NA
"s_0014"	"s_0014"	NA
"s_0588"	"s_0588"	NA
"s_0589"	"s_0589"	NA
"s_0985"	"s_0985"	NA
"s_0986"	"s_0986"	NA
"s_0075"	"s_0075"	NA
"s_0763_b"	"s_0763_b"	NA
"s_1215"	"s_1215"	NA
"s_0087"	"s_0087"	NA
"s_0668"	"s_0668"	NA
"s_1232"	"s_1232"	NA
"s_0929"	"s_0929"	NA
"s_1479_b"	"s_1479_b"	NA
"s_1003"	"s_1003"	NA
"s_0931"	"s_0931"	NA
"s_1480_b"	"s_1480_b"	NA
"s_1004"	"s_1004"	NA
"s_0072"	"s_0072"	NA
"s_0751"	"s_0751"	NA
"s_0478"	"s_0478"	NA
"s_0553"	"s_0553"	NA
"s_1017"	"s_1017"	NA
"s_0682"	"s_0682"	NA
"s_1481_b"	"s_1481_b"	NA
"s_1016"	"s_1016"	NA
"s_0935"	"s_0935"	NA
"s_1482_b"	"s_1482_b"	NA
"s_0022"	"s_0022"	NA
"s_0021"	"s_0021"	NA
"s_0250"	"s_0250"	NA
"s_0233"	"s_0233"	NA
"s_0246"	"s_0246"	NA
"s_0232"	"s_0232"	NA
"s_0260"	"s_0260"	NA
"s_0237"	"s_0237"	NA
"s_0247"	"s_0247"	NA
"s_0046"	"s_0046"	NA
"s_0257"	"s_0257"	NA
"s_0052"	"s_0052"	NA
"s_0254"	"s_0254"	NA
"s_0234"	"s_0234"	NA
"s_0261"	"s_0261"	NA
"s_0055"	"s_0055"	NA
"s_0128"	"s_0128"	NA
"s_1021"	"s_1021"	NA
"s_1069"	"s_1069"	NA
"s_1072"	"s_1072"	NA
"s_0271"	"s_0271"	NA
"s_1056"	"s_1056"	NA
"s_1112"	"s_1112"	NA
"s_0407"	"s_0407"	NA
"s_1100"	"s_1100"	NA
"s_1085"	"s_1085"	NA
"s_0408"	"s_0408"	NA
"s_1102"	"s_1102"	NA
"s_0571"	"s_0571"	NA
"s_0433"	"s_0433"	NA
"s_0573"	"s_0573"	NA
"s_1103"	"s_1103"	NA
"s_1106"	"s_1106"	NA
"s_0332"	"s_0332"	NA
"s_1105"	"s_1105"	NA
"s_1107"	"s_1107"	NA
"s_1503_b"	"s_1503_b"	NA
"s_2526"	"s_2526"	NA
"s_1504_b"	"s_1504_b"	NA
"s_2527"	"s_2527"	NA
"s_1505_b"	"s_1505_b"	NA
"s_2528"	"s_2528"	NA
"s_1507_b"	"s_1507_b"	NA
"s_2530"	"s_2530"	NA
"s_1506_b"	"s_1506_b"	NA
"s_2529"	"s_2529"	NA
"s_1634_b"	"s_1634_b"	NA
"s_1791_b"	"s_1791_b"	NA
"s_2502_b"	"s_2502_b"	NA
"s_2575_b"	"s_2575_b"	NA
"s_1101"	"s_1101"	NA
"s_0089"	"s_0089"	NA
"s_1108"	"s_1108"	NA
"s_1111"	"s_1111"	NA
"s_0572"	"s_0572"	NA
"s_1281"	"s_1281"	NA
"s_1282"	"s_1282"	NA
"s_0182"	"s_0182"	NA
"s_0753"	"s_0753"	NA
"s_0595"	"s_0595"	NA
"s_0620"	"s_0620"	NA
"s_0622"	"s_0622"	NA
"s_1018"	"s_1018"	NA
"s_1516_b"	"s_1516_b"	NA
"s_2537"	"s_2537"	NA
"s_0019"	"s_0019"	NA
"s_1126"	"s_1126"	NA
"s_1268"	"s_1268"	NA
"s_1153"	"s_1153"	NA
"s_1155"	"s_1155"	NA
"s_2538"	"s_2538"	NA
"s_1165"	"s_1165"	NA
"s_1539_b"	"s_1539_b"	NA
"s_1166"	"s_1166"	NA
"s_2539"	"s_2539"	NA
"s_1651_b"	"s_1651_b"	NA
"s_2540"	"s_2540"	NA
"s_1970_b"	"s_1970_b"	NA
"s_2465_b"	"s_2465_b"	NA
"s_2542"	"s_2542"	NA
"s_2425_b"	"s_2425_b"	NA
"s_2541"	"s_2541"	NA
"s_1288"	"s_1288"	NA
"s_1501_b"	"s_1501_b"	NA
"s_2544"	"s_2544"	NA
"s_1526_b"	"s_1526_b"	NA
"s_2546"	"s_2546"	NA
"s_1530_b"	"s_1530_b"	NA
"s_2547"	"s_2547"	NA
"s_1760_b"	"s_1760_b"	NA
"s_2549"	"s_2549"	NA
"s_1565_b"	"s_1565_b"	NA
"s_2548"	"s_2548"	NA
"s_1515_b"	"s_1515_b"	NA
"s_2545"	"s_2545"	NA
"s_1191"	"s_1191"	NA
"s_1775_b"	"s_1775_b"	NA
"s_2550"	"s_2550"	NA
"s_1192"	"s_1192"	NA
"s_0034"	"s_0034"	NA
"s_0020"	"s_0020"	NA
"s_1331"	"s_1331"	NA
"s_0936"	"s_0936"	NA
"s_0859"	"s_0859"	NA
"s_1483_b"	"s_1483_b"	NA
"s_1199"	"s_1199"	NA
"s_0938"	"s_0938"	NA
"s_1484_b"	"s_1484_b"	NA
"s_1200"	"s_1200"	NA
"s_1239"	"s_1239"	NA
"s_1438_b"	"s_1438_b"	NA
"s_0599"	"s_0599"	NA
"s_1237"	"s_1237"	NA
"s_1227"	"s_1227"	NA
"s_1294"	"s_1294"	NA
"s_1226"	"s_1226"	NA
"s_1291"	"s_1291"	NA
"s_0207"	"s_0207"	NA
"s_0103"	"s_0103"	NA
"s_0091"	"s_0091"	NA
"s_0107"	"s_0107"	NA
"s_0111"	"s_0111"	NA
"s_0108"	"s_0108"	NA
"s_0112"	"s_0112"	NA
"s_0109"	"s_0109"	NA
"s_0113"	"s_0113"	NA
"s_1208"	"s_1208"	NA
"s_0093"	"s_0093"	NA
"s_0114"	"s_0114"	NA
"s_0095"	"s_0095"	NA
"s_0116"	"s_0116"	NA
"s_0105"	"s_0105"	NA
"s_0094"	"s_0094"	NA
"s_0100"	"s_0100"	NA
"s_0115"	"s_0115"	NA
"s_0104"	"s_0104"	NA
"s_0092"	"s_0092"	NA
"s_0099"	"s_0099"	NA
"s_1023"	"s_1023"	NA
"s_0485"	"s_0485"	NA
"s_1020"	"s_1020"	NA
"s_0090"	"s_0090"	NA
"s_0110"	"s_0110"	NA
"s_1223"	"s_1223"	NA
"s_1222"	"s_1222"	NA
"s_0473"	"s_0473"	NA
"s_1236"	"s_1236"	NA
"s_1224"	"s_1224"	NA
"s_0477"	"s_0477"	NA
"s_1238"	"s_1238"	NA
"s_0944"	"s_0944"	NA
"s_1221"	"s_1221"	NA
"s_1068"	"s_1068"	NA
"s_1349"	"s_1349"	NA
"s_1304"	"s_1304"	NA
"s_1303"	"s_1303"	NA
"s_0421"	"s_0421"	NA
"s_0264"	"s_0264"	NA
"s_0266"	"s_0266"	NA
"s_0663"	"s_0663"	NA
"s_1310"	"s_1310"	NA
"s_0085"	"s_0085"	NA
"s_0666"	"s_0666"	NA
"s_1313_b"	"s_1313_b"	NA
"s_0086_b"	"s_0086_b"	NA
"s_1228"	"s_1228"	NA
"s_0739"	"s_0739"	NA
"s_1233"	"s_1233"	NA
"s_0600"	"s_0600"	NA
"s_0496"	"s_0496"	NA
"s_1225"	"s_1225"	NA
"s_0273"	"s_0273"	NA
"s_1067"	"s_1067"	NA
"s_0425"	"s_0425"	NA
"s_0080"	"s_0080"	NA
"s_0318"	"s_0318"	NA
"s_0158"	"s_0158"	NA
"s_1052"	"s_1052"	NA
"s_1048"	"s_1048"	NA
"s_1123"	"s_1123"	NA
"s_1248"	"s_1248"	NA
"s_0166"	"s_0166"	NA
"s_1125"	"s_1125"	NA
"s_1242"	"s_1242"	NA
"s_0132"	"s_0132"	NA
"s_2006_b"	"s_2006_b"	NA
"s_2522"	"s_2522"	NA
"s_2309_b"	"s_2309_b"	NA
"s_2524"	"s_2524"	NA
"s_2611_b"	"s_2611_b"	NA
"s_2523"	"s_2523"	NA
"s_2525"	"s_2525"	NA
"s_1735_b"	"s_1735_b"	NA
"s_2551"	"s_2551"	NA
"s_1049"	"s_1049"	NA
"s_0098"	"s_0098"	NA
"s_0321"	"s_0321"	NA
"s_0209"	"s_0209"	NA
"s_0941"	"s_0941"	NA
"s_0939"	"s_0939"	NA
"s_1485_b"	"s_1485_b"	NA
"s_1260"	"s_1260"	NA
"s_1266"	"s_1266"	NA
"s_1078"	"s_1078"	NA
"s_0395"	"s_0395"	NA
"s_0392"	"s_0392"	NA
"s_0426"	"s_0426"	NA
"s_0762"	"s_0762"	NA
"s_0759"	"s_0759"	NA
"s_1270"	"s_1270"	NA
"s_1271"	"s_1271"	NA
"s_1276"	"s_1276"	NA
"s_1274"	"s_1274"	NA
"s_0320"	"s_0320"	NA
"s_0720"	"s_0720"	NA
"s_1283"	"s_1283"	NA
"s_1285"	"s_1285"	NA
"s_0335"	"s_0335"	NA
"s_1523"	"s_1523"	NA
"s_0563"	"s_0563"	NA
"s_1519"	"s_1519"	NA
"s_0482"	"s_0482"	NA
"s_0568"	"s_0568"	NA
"s_0709"	"s_0709"	NA
"s_0592"	"s_0592"	NA
"s_1412"	"s_1412"	NA
"s_0623"	"s_0623"	NA
"s_0561"	"s_0561"	NA
"s_0220"	"s_0220"	NA
"s_0942"	"s_0942"	NA
"s_0471"	"s_0471"	NA
"s_0665"	"s_0665"	NA
"s_1312"	"s_1312"	NA
"s_1486_b"	"s_1486_b"	NA
"s_1305"	"s_1305"	NA
"s_1306"	"s_1306"	NA
"s_1256"	"s_1256"	NA
"s_1309"	"s_1309"	NA
"s_0831"	"s_0831"	NA
"s_1308"	"s_1308"	NA
"s_0659"	"s_0659"	NA
"s_1326"	"s_1326"	NA
"s_0789"	"s_0789"	NA
"s_0447"	"s_0447"	NA
"s_0401"	"s_0401"	NA
"s_1382"	"s_1382"	NA
"s_1381"	"s_1381"	NA
"s_1088"	"s_1088"	NA
"s_1328"	"s_1328"	NA
"s_0041"	"s_0041"	NA
"s_1083"	"s_1083"	NA
"s_1327"	"s_1327"	NA
"s_0639"	"s_0639"	NA
"s_0667"	"s_0667"	NA
"s_0644"	"s_0644"	NA
"s_0673"	"s_0673"	NA
"s_0676"	"s_0676"	NA
"s_1451"	"s_1451"	NA
"s_1454"	"s_1454"	NA
"s_0635"	"s_0635"	NA
"s_0641"	"s_0641"	NA
"s_0669"	"s_0669"	NA
"s_0674"	"s_0674"	NA
"s_1447"	"s_1447"	NA
"s_1452"	"s_1452"	NA
"s_1346_b"	"s_1346_b"	NA
"s_0536_b"	"s_0536_b"	NA
"s_1347"	"s_1347"	NA
"s_1353"	"s_1353"	NA
"s_1354"	"s_1354"	NA
"s_1351"	"s_1351"	NA
"s_0428"	"s_0428"	NA
"s_0311"	"s_0311"	NA
"s_1366_b"	"s_1366_b"	NA
"s_1364_b"	"s_1364_b"	NA
"s_1368"	"s_1368"	NA
"s_1363"	"s_1363"	NA
"s_1369_b"	"s_1369_b"	NA
"s_1365"	"s_1365"	NA
"s_1370"	"s_1370"	NA
"s_0803"	"s_0803"	NA
"s_1487_b"	"s_1487_b"	NA
"s_1371"	"s_1371"	NA
"s_1488_b"	"s_1488_b"	NA
"s_1372"	"s_1372"	NA
"s_1375"	"s_1375"	NA
"s_0006"	"s_0006"	NA
"s_0852"	"s_0852"	NA
"s_1198"	"s_1198"	NA
"s_1307"	"s_1307"	NA
"s_1399"	"s_1399"	NA
"s_1489_b"	"s_1489_b"	NA
"s_1402"	"s_1402"	NA
"s_0954"	"s_0954"	NA
"s_1490_b"	"s_1490_b"	NA
"s_1403"	"s_1403"	NA
"s_0096"	"s_0096"	NA
"s_0117"	"s_0117"	NA
"s_1241"	"s_1241"	NA
"s_0957"	"s_0957"	NA
"s_0211"	"s_0211"	NA
"s_0958"	"s_0958"	NA
"s_1491_b"	"s_1491_b"	NA
"s_1407"	"s_1407"	NA
"s_1492_b"	"s_1492_b"	NA
"s_1408"	"s_1408"	NA
"s_0636"	"s_0636"	NA
"s_0640"	"s_0640"	NA
"s_1419"	"s_1419"	NA
"s_0625"	"s_0625"	NA
"s_1429"	"s_1429"	NA
"s_0960"	"s_0960"	NA
"s_0962"	"s_0962"	NA
"s_1493_b"	"s_1493_b"	NA
"s_1432"	"s_1432"	NA
"s_1494_b"	"s_1494_b"	NA
"s_1433"	"s_1433"	NA
"s_0806"	"s_0806"	NA
"s_0807"	"s_0807"	NA
"s_1445"	"s_1445"	NA
"s_0560"	"s_0560"	NA
"s_0558"	"s_0558"	NA
"s_1267"	"s_1267"	NA
"s_0002"	"s_0002"	NA
"s_0039_b"	"s_0039_b"	NA
"s_0165_b"	"s_0165_b"	NA
"s_0168_b"	"s_0168_b"	NA
"s_0172_b"	"s_0172_b"	NA
"s_0175_b"	"s_0175_b"	NA
"s_0178_b"	"s_0178_b"	NA
"s_0845_b"	"s_0845_b"	NA
"s_0186_b"	"s_0186_b"	NA
"s_0191_b"	"s_0191_b"	NA
"s_0061_b"	"s_0061_b"	NA
"s_0241_b"	"s_0241_b"	NA
"s_0278_b"	"s_0278_b"	NA
"s_0703_b"	"s_0703_b"	NA
"s_0322_b"	"s_0322_b"	NA
"s_0349_b"	"s_0349_b"	NA
"s_0361_b"	"s_0361_b"	NA
"s_0367_b"	"s_0367_b"	NA
"s_0371_b"	"s_0371_b"	NA
"s_0656_b"	"s_0656_b"	NA
"s_0391_b"	"s_0391_b"	NA
"s_0394_b"	"s_0394_b"	NA
"s_0405"	"s_0405"	NA
"s_0413_b"	"s_0413_b"	NA
"s_0415_b"	"s_0415_b"	NA
"s_0070_b"	"s_0070_b"	NA
"s_0466_b"	"s_0466_b"	NA
"s_0498_b"	"s_0498_b"	NA
"s_0508_b"	"s_0508_b"	NA
"s_0526_b"	"s_0526_b"	NA
"s_0528_b"	"s_0528_b"	NA
"s_0531_b"	"s_0531_b"	NA
"s_0541_b"	"s_0541_b"	NA
"s_0423_b"	"s_0423_b"	NA
"s_0029_b"	"s_0029_b"	NA
"s_0552_b"	"s_0552_b"	NA
"s_0544_b"	"s_0544_b"	NA
"s_0559_b"	"s_0559_b"	NA
"s_0135_b"	"s_0135_b"	NA
"s_0137_b"	"s_0137_b"	NA
"s_0139_b"	"s_0139_b"	NA
"s_0141_b"	"s_0141_b"	NA
"s_0143_b"	"s_0143_b"	NA
"s_1220"	"s_1220"	NA
"s_1219"	"s_1219"	NA
"s_1229"	"s_1229"	NA
"s_1231"	"s_1231"	NA
"s_0621_b"	"s_0621_b"	NA
"s_0629_b"	"s_0629_b"	NA
"s_0642"	"s_0642"	NA
"s_0638_b"	"s_0638_b"	NA
"s_0651_b"	"s_0651_b"	NA
"s_0654_b"	"s_0654_b"	NA
"s_0778"	"s_0778"	NA
"s_1355"	"s_1355"	NA
"s_1031_b"	"s_1031_b"	NA
"s_0664"	"s_0664"	NA
"s_1213"	"s_1213"	NA
"s_0672_b"	"s_0672_b"	NA
"s_0690_b"	"s_0690_b"	NA
"s_0693_b"	"s_0693_b"	NA
"s_0718_b"	"s_0718_b"	NA
"s_0082_b"	"s_0082_b"	NA
"s_0081"	"s_0081"	NA
"s_0733_b"	"s_0733_b"	NA
"s_0741_b"	"s_0741_b"	NA
"s_0746_b"	"s_0746_b"	NA
"s_0750_b"	"s_0750_b"	NA
"s_0758_b"	"s_0758_b"	NA
"s_0761_b"	"s_0761_b"	NA
"s_1173_b"	"s_1173_b"	NA
"s_1180_b"	"s_1180_b"	NA
"s_0809_b"	"s_0809_b"	NA
"s_0818_b"	"s_0818_b"	NA
"s_0823_b"	"s_0823_b"	NA
"s_0824"	"s_0824"	NA
"s_1022_b"	"s_1022_b"	NA
"s_0832_b"	"s_0832_b"	NA
"s_0835_b"	"s_0835_b"	NA
"s_0837_b"	"s_0837_b"	NA
"s_0843_b"	"s_0843_b"	NA
"s_0840_b"	"s_0840_b"	NA
"s_0918"	"s_0918"	NA
"s_0864_b"	"s_0864_b"	NA
"s_0870_b"	"s_0870_b"	NA
"s_0872_b"	"s_0872_b"	NA
"s_0874_b"	"s_0874_b"	NA
"s_0876"	"s_0876"	NA
"s_0880"	"s_0880"	NA
"s_0885"	"s_0885"	NA
"s_0025_b"	"s_0025_b"	NA
"s_0890_b"	"s_0890_b"	NA
"s_0893"	"s_0893"	NA
"s_0892"	"s_0892"	NA
"s_0902"	"s_0902"	NA
"s_0904"	"s_0904"	NA
"s_0900_b"	"s_0900_b"	NA
"s_0909"	"s_0909"	NA
"s_0910"	"s_0910"	NA
"s_0908_b"	"s_0908_b"	NA
"s_0914"	"s_0914"	NA
"s_0912_b"	"s_0912_b"	NA
"s_0923"	"s_0923"	NA
"s_0921_b"	"s_0921_b"	NA
"s_0068"	"s_0068"	NA
"s_0067_b"	"s_0067_b"	NA
"s_0928"	"s_0928"	NA
"s_0926_b"	"s_0926_b"	NA
"s_0932"	"s_0932"	NA
"s_0930_b"	"s_0930_b"	NA
"s_0934_b"	"s_0934_b"	NA
"s_0937_b"	"s_0937_b"	NA
"s_0940_b"	"s_0940_b"	NA
"s_0945_b"	"s_0945_b"	NA
"s_0898_b"	"s_0898_b"	NA
"s_0948_b"	"s_0948_b"	NA
"s_0950_b"	"s_0950_b"	NA
"s_0953_b"	"s_0953_b"	NA
"s_0959"	"s_0959"	NA
"s_0956_b"	"s_0956_b"	NA
"s_0961_b"	"s_0961_b"	NA
"s_0965_b"	"s_0965_b"	NA
"s_1010_b"	"s_1010_b"	NA
"s_1011"	"s_1011"	NA
"s_1015_b"	"s_1015_b"	NA
"s_1014"	"s_1014"	NA
"s_1057_b"	"s_1057_b"	NA
"s_0565"	"s_0565"	NA
"s_0594"	"s_0594"	NA
"s_0754"	"s_0754"	NA
"s_1093_b"	"s_1093_b"	NA
"s_1104_b"	"s_1104_b"	NA
"s_1110"	"s_1110"	NA
"s_1109_b"	"s_1109_b"	NA
"s_1162_b"	"s_1162_b"	NA
"s_1330_b"	"s_1330_b"	NA
"s_1146_b"	"s_1146_b"	NA
"s_0997_b"	"s_0997_b"	NA
"s_1152_b"	"s_1152_b"	NA
"s_1157_b"	"s_1157_b"	NA
"s_0722_b"	"s_0722_b"	NA
"s_2543"	"s_2543"	NA
"s_0035_b"	"s_0035_b"	NA
"s_0398_b"	"s_0398_b"	NA
"s_1202_b"	"s_1202_b"	NA
"s_1204_b"	"s_1204_b"	NA
"s_1212"	"s_1212"	NA
"s_1246_b"	"s_1246_b"	NA
"s_1245"	"s_1245"	NA
"s_1255_b"	"s_1255_b"	NA
"s_1254"	"s_1254"	NA
"s_1269_b"	"s_1269_b"	NA
"s_1275_b"	"s_1275_b"	NA
"s_1280"	"s_1280"	NA
"s_1278_b"	"s_1278_b"	NA
"s_0556_b"	"s_0556_b"	NA
"s_1295_b"	"s_1295_b"	NA
"s_1302_b"	"s_1302_b"	NA
"s_1301"	"s_1301"	NA
"s_1314"	"s_1314"	NA
"s_1319"	"s_1319"	NA
"s_1320_b"	"s_1320_b"	NA
"s_1322_b"	"s_1322_b"	NA
"s_1324_b"	"s_1324_b"	NA
"s_1339_b"	"s_1339_b"	NA
"s_1345"	"s_1345"	NA
"s_1348_b"	"s_1348_b"	NA
"s_1350_b"	"s_1350_b"	NA
"s_1352_b"	"s_1352_b"	NA
"s_1367"	"s_1367"	NA
"s_1374_b"	"s_1374_b"	NA
"s_1376_b"	"s_1376_b"	NA
"s_0417_b"	"s_0417_b"	NA
"s_1405_b"	"s_1405_b"	NA
"s_1414"	"s_1414"	NA
"s_1418"	"s_1418"	NA
"s_1422_b"	"s_1422_b"	NA
"s_1424_b"	"s_1424_b"	NA
"s_1428_b"	"s_1428_b"	NA
"s_1431"	"s_1431"	NA
"s_0365_b"	"s_0365_b"	NA
"s_1444_b"	"s_1444_b"	NA
"s_1446_b"	"s_1446_b"	NA
"s_1450_b"	"s_1450_b"	NA
"s_1508_b"	"s_1508_b"	NA
"s_1513_b"	"s_1513_b"	NA
"s_1514_b"	"s_1514_b"	NA
"s_1658_b"	"s_1658_b"	NA
"s_1782_b"	"s_1782_b"	NA
"s_1875_b"	"s_1875_b"	NA
"s_1876_b"	"s_1876_b"	NA
"s_1965_b"	"s_1965_b"	NA
"s_2008_b"	"s_2008_b"	NA
"s_2162_b"	"s_2162_b"	NA
"s_2226_b"	"s_2226_b"	NA
"s_2289_b"	"s_2289_b"	NA
"s_2552_b"	"s_2552_b"	NA
"s_2310_b"	"s_2310_b"	NA
"s_2553_b"	"s_2553_b"	NA
"s_2060_b"	"s_2060_b"	NA
"s_2554_b"	"s_2554_b"	NA
"s_2555_b"	"s_2555_b"	NA
"s_1509_b"	"s_1509_b"	NA
"s_1510_b"	"s_1510_b"	NA
"s_1512_b"	"s_1512_b"	NA
"s_1555_b"	"s_1555_b"	NA
"s_1574_b"	"s_1574_b"	NA
"s_1649_b"	"s_1649_b"	NA
"s_1731_b"	"s_1731_b"	NA
"s_1738_b"	"s_1738_b"	NA
"s_1748_b"	"s_1748_b"	NA
"s_2075_b"	"s_2075_b"	NA
"s_2090_b"	"s_2090_b"	NA
"s_2206_b"	"s_2206_b"	NA
"s_2245_b"	"s_2245_b"	NA
"s_2454_b"	"s_2454_b"	NA
"s_2485_b"	"s_2485_b"	NA
"s_2556_b"	"s_2556_b"	NA
"s_2493_b"	"s_2493_b"	NA
"s_2557_b"	"s_2557_b"	NA
"s_1511_b"	"s_1511_b"	NA
"s_1549_b"	"s_1549_b"	NA
"s_1769_b"	"s_1769_b"	NA
"s_1778_b"	"s_1778_b"	NA
"s_1849_b"	"s_1849_b"	NA
"s_1914_b"	"s_1914_b"	NA
"s_1948_b"	"s_1948_b"	NA
"s_2046_b"	"s_2046_b"	NA
"s_2391_b"	"s_2391_b"	NA
"s_2520_b"	"s_2520_b"	NA
"s_2558_b"	"s_2558_b"	NA
"s_2559_b"	"s_2559_b"	NA
"s_1529_b"	"s_1529_b"	NA
"s_1666_b"	"s_1666_b"	NA
"s_2561_b"	"s_2561_b"	NA
"s_1528_b"	"s_1528_b"	NA
"s_1665_b"	"s_1665_b"	NA
"s_2560_b"	"s_2560_b"	NA
"s_1532_b"	"s_1532_b"	NA
"s_1605_b"	"s_1605_b"	NA
"s_1689_b"	"s_1689_b"	NA
"s_1832_b"	"s_1832_b"	NA
"s_2279_b"	"s_2279_b"	NA
"s_2562_b"	"s_2562_b"	NA
"s_1837_b"	"s_1837_b"	NA
"s_2563_b"	"s_2563_b"	NA
"s_1550_b"	"s_1550_b"	NA
"s_1646_b"	"s_1646_b"	NA
"s_2564_b"	"s_2564_b"	NA
"s_1566_b"	"s_1566_b"	NA
"s_1813_b"	"s_1813_b"	NA
"s_1967_b"	"s_1967_b"	NA
"s_2098_b"	"s_2098_b"	NA
"s_2121_b"	"s_2121_b"	NA
"s_2421_b"	"s_2421_b"	NA
"s_2565_b"	"s_2565_b"	NA
"s_1572_b"	"s_1572_b"	NA
"s_1730_b"	"s_1730_b"	NA
"s_2566_b"	"s_2566_b"	NA
"s_2450_b"	"s_2450_b"	NA
"s_2567_b"	"s_2567_b"	NA
"s_1584_b"	"s_1584_b"	NA
"s_1871_b"	"s_1871_b"	NA
"s_2568_b"	"s_2568_b"	NA
"s_1587_b"	"s_1587_b"	NA
"s_2248_b"	"s_2248_b"	NA
"s_2290_b"	"s_2290_b"	NA
"s_2569_b"	"s_2569_b"	NA
"s_1588_b"	"s_1588_b"	NA
"s_1677_b"	"s_1677_b"	NA
"s_1779_b"	"s_1779_b"	NA
"s_1789_b"	"s_1789_b"	NA
"s_1890_b"	"s_1890_b"	NA
"s_1957_b"	"s_1957_b"	NA
"s_1960_b"	"s_1960_b"	NA
"s_2101_b"	"s_2101_b"	NA
"s_2231_b"	"s_2231_b"	NA
"s_2264_b"	"s_2264_b"	NA
"s_2435_b"	"s_2435_b"	NA
"s_2476_b"	"s_2476_b"	NA
"s_2499_b"	"s_2499_b"	NA
"s_2570_b"	"s_2570_b"	NA
"s_1589_b"	"s_1589_b"	NA
"s_1678_b"	"s_1678_b"	NA
"s_1780_b"	"s_1780_b"	NA
"s_1790_b"	"s_1790_b"	NA
"s_1891_b"	"s_1891_b"	NA
"s_1958_b"	"s_1958_b"	NA
"s_1961_b"	"s_1961_b"	NA
"s_2102_b"	"s_2102_b"	NA
"s_2232_b"	"s_2232_b"	NA
"s_2428_b"	"s_2428_b"	NA
"s_2436_b"	"s_2436_b"	NA
"s_2477_b"	"s_2477_b"	NA
"s_2500_b"	"s_2500_b"	NA
"s_2571_b"	"s_2571_b"	NA
"s_1918_b"	"s_1918_b"	NA
"s_2311_b"	"s_2311_b"	NA
"s_2572_b"	"s_2572_b"	NA
"s_1620_b"	"s_1620_b"	NA
"s_2272_b"	"s_2272_b"	NA
"s_2573_b"	"s_2573_b"	NA
"s_1624_b"	"s_1624_b"	NA
"s_2456_b"	"s_2456_b"	NA
"s_2574_b"	"s_2574_b"	NA
"s_1636_b"	"s_1636_b"	NA
"s_1776_b"	"s_1776_b"	NA
"s_1855_b"	"s_1855_b"	NA
"s_2576_b"	"s_2576_b"	NA
"s_2448_b"	"s_2448_b"	NA
"s_2577_b"	"s_2577_b"	NA
"s_1639_b"	"s_1639_b"	NA
"s_1650_b"	"s_1650_b"	NA
"s_2223_b"	"s_2223_b"	NA
"s_2578_b"	"s_2578_b"	NA
"s_1978_b"	"s_1978_b"	NA
"s_2579_b"	"s_2579_b"	NA
"s_2457_b"	"s_2457_b"	NA
"s_2580_b"	"s_2580_b"	NA
"s_1662_b"	"s_1662_b"	NA
"s_2091_b"	"s_2091_b"	NA
"s_2581_b"	"s_2581_b"	NA
"s_1663_b"	"s_1663_b"	NA
"s_2092_b"	"s_2092_b"	NA
"s_2582_b"	"s_2582_b"	NA
"s_1674_b"	"s_1674_b"	NA
"s_2583_b"	"s_2583_b"	NA
"s_2584_b"	"s_2584_b"	NA
"s_1675_b"	"s_1675_b"	NA
"s_1783_b"	"s_1783_b"	NA
"s_2585_b"	"s_2585_b"	NA
"s_2061_b"	"s_2061_b"	NA
"s_2586_b"	"s_2586_b"	NA
"s_1703_b"	"s_1703_b"	NA
"s_2587_b"	"s_2587_b"	NA
"s_1708_b"	"s_1708_b"	NA
"s_2010_b"	"s_2010_b"	NA
"s_2588_b"	"s_2588_b"	NA
"s_1711_b"	"s_1711_b"	NA
"s_2025_b"	"s_2025_b"	NA
"s_2109_b"	"s_2109_b"	NA
"s_2149_b"	"s_2149_b"	NA
"s_2589_b"	"s_2589_b"	NA
"s_2111_b"	"s_2111_b"	NA
"s_2590_b"	"s_2590_b"	NA
"s_1713_b"	"s_1713_b"	NA
"s_1867_b"	"s_1867_b"	NA
"s_1933_b"	"s_1933_b"	NA
"s_2194_b"	"s_2194_b"	NA
"s_2250_b"	"s_2250_b"	NA
"s_2378_b"	"s_2378_b"	NA
"s_2402_b"	"s_2402_b"	NA
"s_2591_b"	"s_2591_b"	NA
"s_1739_b"	"s_1739_b"	NA
"s_1757_b"	"s_1757_b"	NA
"s_1986_b"	"s_1986_b"	NA
"s_2172_b"	"s_2172_b"	NA
"s_2234_b"	"s_2234_b"	NA
"s_2592_b"	"s_2592_b"	NA
"s_1744_b"	"s_1744_b"	NA
"s_1924_b"	"s_1924_b"	NA
"s_2593_b"	"s_2593_b"	NA
"s_2163_b"	"s_2163_b"	NA
"s_2594_b"	"s_2594_b"	NA
"s_1747_b"	"s_1747_b"	NA
"s_1827_b"	"s_1827_b"	NA
"s_2479_b"	"s_2479_b"	NA
"s_2595_b"	"s_2595_b"	NA
"s_1752_b"	"s_1752_b"	NA
"s_2157_b"	"s_2157_b"	NA
"s_2195_b"	"s_2195_b"	NA
"s_2596_b"	"s_2596_b"	NA
"s_1753_b"	"s_1753_b"	NA
"s_1962_b"	"s_1962_b"	NA
"s_2597_b"	"s_2597_b"	NA
"s_1758_b"	"s_1758_b"	NA
"s_2598_b"	"s_2598_b"	NA
"s_2599_b"	"s_2599_b"	NA
"s_1768_b"	"s_1768_b"	NA
"s_2600_b"	"s_2600_b"	NA
"s_1781_b"	"s_1781_b"	NA
"s_2258_b"	"s_2258_b"	NA
"s_2601_b"	"s_2601_b"	NA
"s_1795_b"	"s_1795_b"	NA
"s_2602_b"	"s_2602_b"	NA
"s_2137_b"	"s_2137_b"	NA
"s_2603_b"	"s_2603_b"	NA
"s_2241_b"	"s_2241_b"	NA
"s_2604_b"	"s_2604_b"	NA
"s_2605_b"	"s_2605_b"	NA
"s_1818_b"	"s_1818_b"	NA
"s_1913_b"	"s_1913_b"	NA
"s_1925_b"	"s_1925_b"	NA
"s_2606_b"	"s_2606_b"	NA
"s_2164_b"	"s_2164_b"	NA
"s_2607_b"	"s_2607_b"	NA
"s_1817_b"	"s_1817_b"	NA
"s_2024_b"	"s_2024_b"	NA
"s_2608_b"	"s_2608_b"	NA
"s_2609_b"	"s_2609_b"	NA
"s_1822_b"	"s_1822_b"	NA
"s_2124_b"	"s_2124_b"	NA
"s_2610_b"	"s_2610_b"	NA
"s_1830_b"	"s_1830_b"	NA
"s_2612_b"	"s_2612_b"	NA
"s_1838_b"	"s_1838_b"	NA
"s_2169_b"	"s_2169_b"	NA
"s_2613_b"	"s_2613_b"	NA
"s_1844_b"	"s_1844_b"	NA
"s_2042_b"	"s_2042_b"	NA
"s_2614_b"	"s_2614_b"	NA
"s_2135_b"	"s_2135_b"	NA
"s_2615_b"	"s_2615_b"	NA
"s_1872_b"	"s_1872_b"	NA
"s_2616_b"	"s_2616_b"	NA
"s_1878_b"	"s_1878_b"	NA
"s_2014_b"	"s_2014_b"	NA
"s_2131_b"	"s_2131_b"	NA
"s_2617_b"	"s_2617_b"	NA
"s_2204_b"	"s_2204_b"	NA
"s_2618_b"	"s_2618_b"	NA
"s_2328_b"	"s_2328_b"	NA
"s_2619_b"	"s_2619_b"	NA
"s_2414_b"	"s_2414_b"	NA
"s_2620_b"	"s_2620_b"	NA
"s_2621_b"	"s_2621_b"	NA
"s_2622_b"	"s_2622_b"	NA
"s_1893_b"	"s_1893_b"	NA
"s_2118_b"	"s_2118_b"	NA
"s_2348_b"	"s_2348_b"	NA
"s_2475_b"	"s_2475_b"	NA
"s_2623_b"	"s_2623_b"	NA
"s_1911_b"	"s_1911_b"	NA
"s_1963_b"	"s_1963_b"	NA
"s_2624_b"	"s_2624_b"	NA
"s_1998_b"	"s_1998_b"	NA
"s_2319_b"	"s_2319_b"	NA
"s_2625_b"	"s_2625_b"	NA
"s_2113_b"	"s_2113_b"	NA
"s_2626_b"	"s_2626_b"	NA
"s_2001_b"	"s_2001_b"	NA
"s_2627_b"	"s_2627_b"	NA
"s_2628_b"	"s_2628_b"	NA
"s_1994_b"	"s_1994_b"	NA
"s_2629_b"	"s_2629_b"	NA
"s_2000_b"	"s_2000_b"	NA
"s_2630_b"	"s_2630_b"	NA
"s_1926_b"	"s_1926_b"	NA
"s_2176_b"	"s_2176_b"	NA
"s_2631_b"	"s_2631_b"	NA
"s_2517_b"	"s_2517_b"	NA
"s_2632_b"	"s_2632_b"	NA
"s_1928_b"	"s_1928_b"	NA
"s_2281_b"	"s_2281_b"	NA
"s_2633_b"	"s_2633_b"	NA
"s_1929_b"	"s_1929_b"	NA
"s_2407_b"	"s_2407_b"	NA
"s_2634_b"	"s_2634_b"	NA
"s_1950_b"	"s_1950_b"	NA
"s_1951_b"	"s_1951_b"	NA
"s_2637_b"	"s_2637_b"	NA
"s_1997_b"	"s_1997_b"	NA
"s_2318_b"	"s_2318_b"	NA
"s_2638_b"	"s_2638_b"	NA
"s_2112_b"	"s_2112_b"	NA
"s_2639_b"	"s_2639_b"	NA
"s_2261_b"	"s_2261_b"	NA
"s_2640_b"	"s_2640_b"	NA
"s_2641_b"	"s_2641_b"	NA
"s_2642_b"	"s_2642_b"	NA
"s_2643_b"	"s_2643_b"	NA
"s_2202_b"	"s_2202_b"	NA
"s_2644_b"	"s_2644_b"	NA
"s_1628_b"	"s_1628_b"	NA
"s_2056_b"	"s_2056_b"	NA
"s_2645_b"	"s_2645_b"	NA
"s_2646_b"	"s_2646_b"	NA
"s_2647_b"	"s_2647_b"	NA
"s_2072_b"	"s_2072_b"	NA
"s_2431_b"	"s_2431_b"	NA
"s_2648_b"	"s_2648_b"	NA
"s_2649_b"	"s_2649_b"	NA
"s_2650_b"	"s_2650_b"	NA
"s_2120_b"	"s_2120_b"	NA
"s_2466_b"	"s_2466_b"	NA
"s_2651_b"	"s_2651_b"	NA
"s_2652_b"	"s_2652_b"	NA
"s_2165_b"	"s_2165_b"	NA
"s_2653_b"	"s_2653_b"	NA
"s_2654_b"	"s_2654_b"	NA
"s_2201_b"	"s_2201_b"	NA
"s_2381_b"	"s_2381_b"	NA
"s_2655_b"	"s_2655_b"	NA
"s_1824_b"	"s_1824_b"	NA
"s_2027_b"	"s_2027_b"	NA
"s_2123_b"	"s_2123_b"	NA
"s_2267_b"	"s_2267_b"	NA
"s_2304_b"	"s_2304_b"	NA
"s_2376_b"	"s_2376_b"	NA
"s_2306_b"	"s_2306_b"	NA
"s_2406_b"	"s_2406_b"	NA
"s_2656_b"	"s_2656_b"	NA
"s_2451_b"	"s_2451_b"	NA
"s_2657_b"	"s_2657_b"	NA
"s_0043"	"s_0043"	NA
"s_0049"	"s_0049"	NA
"s_0243"	"s_0243"	NA
"s_0251"	"s_0251"	NA
"s_0294"	"s_0294"	NA
"s_0375"	"s_0375"	NA
"s_0381"	"s_0381"	NA
"s_0583"	"s_0583"	NA
"s_0203"	"s_0203"	NA
"s_0978"	"s_0978"	NA
"s_0226"	"s_0226"	NA
"s_0854"	"s_0854"	NA
"s_1006"	"s_1006"	NA
"s_1141"	"s_1141"	NA
"s_0282"	"s_0282"	NA
"s_1250"	"s_1250"	NA
"s_1261"	"s_1261"	NA
"s_1335"	"s_1335"	NA
"s_1342"	"s_1342"	NA
"s_1045"	"s_1045"	NA
"s_1383"	"s_1383"	NA
"s_1386"	"s_1386"	NA
"s_1389"	"s_1389"	NA
"s_0783"	"s_0783"	NA
"s_1392"	"s_1392"	NA
"s_1395"	"s_1395"	NA
"s_0044"	"s_0044"	NA
"s_0050"	"s_0050"	NA
"s_0047"	"s_0047"	NA
"s_0053"	"s_0053"	NA
"s_0235"	"s_0235"	NA
"s_0056"	"s_0056"	NA
"s_0244"	"s_0244"	NA
"s_0252"	"s_0252"	NA
"s_0248"	"s_0248"	NA
"s_0258"	"s_0258"	NA
"s_0255"	"s_0255"	NA
"s_0262"	"s_0262"	NA
"s_0295"	"s_0295"	NA
"s_0376"	"s_0376"	NA
"s_0382"	"s_0382"	NA
"s_0584"	"s_0584"	NA
"s_0204"	"s_0204"	NA
"s_0979"	"s_0979"	NA
"s_0780"	"s_0780"	NA
"s_0227"	"s_0227"	NA
"s_0855"	"s_0855"	NA
"s_1007"	"s_1007"	NA
"s_1149"	"s_1149"	NA
"s_1142"	"s_1142"	NA
"s_0283"	"s_0283"	NA
"s_1189"	"s_1189"	NA
"s_1251"	"s_1251"	NA
"s_1262"	"s_1262"	NA
"s_1336"	"s_1336"	NA
"s_1343"	"s_1343"	NA
"s_1357"	"s_1357"	NA
"s_1046"	"s_1046"	NA
"s_1384"	"s_1384"	NA
"s_1387"	"s_1387"	NA
"s_1390"	"s_1390"	NA
"s_0784"	"s_0784"	NA
"s_1393"	"s_1393"	NA
"s_1396"	"s_1396"	NA
"s_0614"	"s_0614"	NA
"s_0643"	"s_0643"	NA
"s_0363"	"s_0363"	NA
"s_0699"	"s_0699"	NA
"s_0579"	"s_0579"	NA
"s_0973"	"s_0973"	NA
"s_1175"	"s_1175"	NA
"s_1182"	"s_1182"	NA
"s_0792"	"s_0792"	NA
"s_0999"	"s_0999"	NA
"s_1137"	"s_1137"	NA
"s_0992"	"s_0992"	NA
"s_1033"	"s_1033"	NA
"s_1040"	"s_1040"	NA
"s_0062"	"s_0062"	NA
"s_0704"	"s_0704"	NA
"s_0362"	"s_0362"	NA
"s_0698"	"s_0698"	NA
"s_0578"	"s_0578"	NA
"s_0972"	"s_0972"	NA
"s_1174"	"s_1174"	NA
"s_1181"	"s_1181"	NA
"s_0791"	"s_0791"	NA
"s_0998"	"s_0998"	NA
"s_1136"	"s_1136"	NA
"s_0991"	"s_0991"	NA
"s_1032"	"s_1032"	NA
"s_1039"	"s_1039"	NA
"s_0058"	"s_0058"	NA
"s_0700"	"s_0700"	NA
"s_0358"	"s_0358"	NA
"s_0695"	"s_0695"	NA
"s_0574"	"s_0574"	NA
"s_0968"	"s_0968"	NA
"s_1170"	"s_1170"	NA
"s_1177"	"s_1177"	NA
"s_0788"	"s_0788"	NA
"s_0994"	"s_0994"	NA
"s_1132"	"s_1132"	NA
"s_0987"	"s_0987"	NA
"s_1028"	"s_1028"	NA
"s_1035"	"s_1035"	NA
"s_0697_b"	"s_0697_b"	NA
"s_0577_b"	"s_0577_b"	NA
"s_0971_b"	"s_0971_b"	NA
"s_0790_b"	"s_0790_b"	NA
"s_1135_b"	"s_1135_b"	NA
"s_0990_b"	"s_0990_b"	NA
"s_1038_b"	"s_1038_b"	NA
"s_0060"	"s_0060"	NA
"s_0702"	"s_0702"	NA
"s_0360"	"s_0360"	NA
"s_0696"	"s_0696"	NA
"s_0576"	"s_0576"	NA
"s_0970"	"s_0970"	NA
"s_1172"	"s_1172"	NA
"s_1179"	"s_1179"	NA
"s_0996"	"s_0996"	NA
"s_1134"	"s_1134"	NA
"s_0989"	"s_0989"	NA
"s_1030"	"s_1030"	NA
"s_1037"	"s_1037"	NA
"s_0493"	"s_0493"	NA
"s_0675"	"s_0675"	NA
"s_1453"	"s_1453"	NA
"s_1000"	"s_1000"	NA
"s_0463"	"s_0463"	NA
"s_0464_b"	"s_0464_b"	NA
"5.6e-05_s_0124"	"5.6e-05 s_0124"	NA
"9.6e-05_s_0627"	"9.6e-05 s_0627"	NA
"3.2e-05_s_0963"	"3.2e-05 s_0963"	NA
"1.5e-05_s_1448"	"1.5e-05 s_1448"	NA
"s_1497_b"	"s_1497_b"	NA
"s_1498_b"	"s_1498_b"	NA
