Abbreviation	GPR
r_0001	(((YDL174C) and (YEL039C)) or ((YDL174C) and (YJR048W)) or ((YEL039C) and (YEL071W)) or ((YEL071W) and (YJR048W)))
r_0002	(((YDL178W) and (YEL039C)) or ((YDL178W) and (YJR048W)))
r_0003	(YAL060W)
r_0004	(((YEL039C) and (YML054C)) or ((YJR048W) and (YML054C)))
r_0005	((YGR032W) or (YLR342W))
r_0006	(YEL011W)
r_0007	((YGR143W) or (YPR159W))
r_0008	(YIL020C)
r_0009	(YDL052C)
r_0010	(YFR019W)
r_0011	(YFR019W)
r_0012	
r_0013	((YEL038W) and (YMR009W))
r_0014	(YOL066C)
r_0015	(YBR153W)
r_0016	((YCL009C) and (YMR108W))
r_0017	(YNL256W)
r_0018	
r_0019	(YHR063C)
r_0020	(YLR355C)
r_0021	(YDR035W)
r_0022	((YDR204W) and (YGL119W) and (YGR255C) and (YLR201C) and (YML110C) and (YOL096C) and (YOR125C))
r_0023	((YDR204W) and (YGL119W) and (YGR255C) and (YLR201C) and (YML110C) and (YOL096C) and (YOR125C))
r_0024	
r_0025	(YGL009C)
r_0026	((YNL104C) or (YOR108W))
r_0027	(YNL104C)
r_0028	
r_0029	(YDR234W)
r_0030	(YPR001W)
r_0031	(YJR148W)
r_0032	(YHR208W)
r_0033	
r_0034	(YOL064C)
r_0035	((YGL248W) or (YOR360C))
r_0036	(YOR360C)
r_0037	(YOR360C)
r_0038	(YOR360C)
r_0039	(YOR360C)
r_0040	(YDR487C)
r_0041	
r_0042	(YDR127W)
r_0043	(YDR127W)
r_0044	(YBR265W)
r_0045	((YBR249C) or (YDR035W))
r_0046	
r_0047	
r_0048	(YLR231C)
r_0049	(YKR009C)
r_0050	(YKR009C)
r_0051	(YKR009C)
r_0052	(YKR009C)
r_0053	(YKR009C)
r_0054	(YKR009C)
r_0055	(YKR009C)
r_0056	(YKR009C)
r_0057	(YKR009C)
r_0058	(YKR009C)
r_0059	(YKR009C)
r_0060	(YKR009C)
r_0061	(YJR025C)
r_0062	(YER175C)
r_0063	(YGL009C)
r_0064	(YCL018W)
r_0065	((YGR087C) or (YLR044C) or (YLR134W))
r_0066	(YBR176W)
r_0067	((YDL080C) or (YDR380W) or (YGR087C) or (YLR044C) or (YLR134W))
r_0068	(YDR127W)
r_0069	
r_0070	(YNR033W)
r_0071	
r_0072	(YMR289W)
r_0073	(YGR019W)
r_0074	(YCR053W)
r_0075	
r_0076	
r_0077	
r_0078	((YDL080C) or (YDR380W))
r_0079	((YLR410W) or (YOR163W))
r_0080	(YDR017C)
r_0081	(YLR017W)
r_0082	
r_0083	(YGL224C)
r_0084	
r_0085	
r_0086	
r_0087	
r_0088	
r_0089	
r_0090	(YOR155C)
r_0091	(YGL224C)
r_0092	
r_0093	(YGL125W)
r_0094	(YDR232W)
r_0095	(YOR163W)
r_0096	(YDR017C)
r_0097	(YER183C)
r_0098	
r_0099	
r_0100	(YER091C)
r_0101	
r_0102	
r_0103	(YLR410W)
r_0104	(YLR410W)
r_0105	((YIL107C) or (YOL136C))
r_0106	((YCR073W-A) or (YGR248W) or (YHR163W) or (YNR034W))
r_0107	((YLR410W) or (YOR163W))
r_0108	(YDR017C)
r_0109	
r_0110	((YGR087C) or (YLR044C) or (YLR134W))
r_0111	(YLR355C)
r_0112	((YCL009C) and (YMR108W))
r_0113	((YKL182W) and (YPL231W))
r_0114	((YBR026C) and (YER061C) and (YHR067W) and (YKL055C) and (YKL192C) and (YOR221C))
r_0115	(YIL160C)
r_0116	(YIL160C)
r_0117	(YIL160C)
r_0118	(YPL028W)
r_0119	(YPL028W)
r_0120	(YIL160C)
r_0121	(YIL160C)
r_0122	(YIL160C)
r_0123	(YMR207C)
r_0124	(YNR016C)
r_0125	(YBL015W)
r_0126	(YBL015W)
r_0127	((YAL054C) or (YLR153C))
r_0128	(YAL054C)
r_0129	(YLR153C)
r_0130	(YER069W)
r_0131	((YAR071W) or (YBR093C))
r_0132	(YPR002W)
r_0133	(YOL140W)
r_0134	(YPL148C)
r_0135	(YGL205W)
r_0136	(YGL205W)
r_0137	(YGL205W)
r_0138	(YGL205W)
r_0139	(YGL205W)
r_0140	(YGL205W)
r_0141	(YCR048W)
r_0142	((YCR048W) or (YNR019W))
r_0143	(YCR048W)
r_0144	(YCR048W)
r_0145	(YCR048W)
r_0146	(YCR048W)
r_0147	((YCR048W) or (YNR019W))
r_0148	(YCR048W)
r_0149	(YCR048W)
r_0150	(YCR048W)
r_0151	(YLR118C)
r_0152	(YJL091C)
r_0153	(YNL141W)
r_0154	(YML022W)
r_0155	(YNL141W)
r_0156	(YDR400W)
r_0157	(YJR105W)
r_0158	(YML035C)
r_0159	(YER043C)
r_0160	(YOL052C)
r_0161	(YNR058W)
r_0162	(YJL005W)
r_0163	(YDR226W)
r_0164	(YER170W)
r_0165	(YDR226W)
r_0166	(YER170W)
r_0167	(YDR226W)
r_0168	(YER170W)
r_0169	(YLR359W)
r_0170	(YNL220W)
r_0171	(YLR359W)
r_0172	(YKL001C)
r_0173	(YGR247W)
r_0174	(YFL030W)
r_0175	(YOR335C)
r_0176	((YGR177C) or (YOR377W))
r_0177	((YGR177C) or (YOR377W))
r_0178	((YGR177C) or (YOR377W))
r_0179	((YGR177C) or (YOR377W))
r_0180	((YGR177C) or (YOR377W))
r_0181	((YBR145W) or (YDL168W) or (YGL256W) or (YMR303C) or (YOL086C))
r_0182	((YDR368W) or (YHR104W))
r_0183	(YMR083W)
r_0184	((YBR145W) or (YDL168W) or (YGL256W) or (YMR303C) or (YOL086C))
r_0185	(YMR083W)
r_0186	((YBR036C) or (YCR105W) or (YDR368W) or (YMR318C))
r_0187	((YBR145W) or (YDL168W) or (YGL256W) or (YMR303C) or (YOL086C))
r_0188	(YMR083W)
r_0189	((YBR036C) or (YCR105W) or (YMR318C))
r_0190	((YMR169C) or (YMR170C))
r_0191	(YPL061W)
r_0192	(YOR374W)
r_0193	((YER073W) or (YOR374W))
r_0194	(YOR374W)
r_0195	(YPL061W)
r_0196	((YER073W) or (YOR374W))
r_0197	((YBR145W) or (YDL168W) or (YGL256W) or (YMR303C) or (YOL086C))
r_0198	(YMR083W)
r_0199	((YBR036C) or (YCR105W) or (YMR318C))
r_0200	((YBR145W) or (YDL168W) or (YGL256W) or (YMR303C) or (YOL086C))
r_0201	(YMR083W)
r_0202	((YBR036C) or (YCR105W) or (YMR318C))
r_0203	((YMR169C) or (YMR170C))
r_0204	((YBR145W) or (YDL168W) or (YGL256W) or (YMR303C) or (YOL086C))
r_0205	(YMR083W)
r_0206	(YDR481C)
r_0207	(YIR029W)
r_0208	(YIR027C)
r_0209	(YBR208C)
r_0210	((YBR205W) or (YDR483W) or (YJL139C) or (YKR061W) or (YOR099W))
r_0211	(YDR001C)
r_0212	(YPR026W)
r_0213	((YBR126C) and (YML100W) and (YMR261C))
r_0214	(YGR227W)
r_0215	(YBL082C)
r_0216	((YBR299W) or (YGR287C) or (YGR292W))
r_0217	(YMR293C)
r_0218	
r_0219	((YER073W) or (YOR374W))
r_0220	(YDR354W)
r_0221	((YER090W) and (YKL211C))
r_0222	(YDR305C)
r_0223	(YHR104W)
r_0224	(YPL111W)
r_0225	(YHR018C)
r_0226	(YOL058W)
r_0227	(YDR341C)
r_0228	(YHR091C)
r_0229	((YGR124W) or (YPR145W))
r_0230	(YHR019C)
r_0231	(YCR024C)
r_0232	(YJL130C)
r_0233	(YER052C)
r_0234	
r_0235	(YLR027C)
r_0236	(YKL106W)
r_0237	(YLR027C)
r_0238	(YDR158W)
r_0239	(YLL018C)
r_0240	(YPL104W)
r_0241	(YDR530C)
r_0242	(YCL050C)
r_0243	(YCL050C)
r_0244	(YER005W)
r_0245	(YER055C)
r_0246	(((Q0080) and (Q0085) and (Q0130) and (YBL099W) and (YBR039W) and (YDL004W) and (YDR298C) and (YDR322C-A) and (YDR377W) and (YJR121W) and (YKL016C) and (YLR295C) and (YML081C-A) and (YPL078C) and (YPL271W)) or ((Q0080) and (Q0085) and (Q0130) and (YBL099W) and (YBR039W) and (YDL004W) and (YDR298C) and (YDR377W) and (YJR121W) and (YKL016C) and (YLR295C) and (YML081C-A) and (YPL078C) and (YPL271W) and (YPR020W)))
r_0247	((YBR127C) and (YDL185W) and (YEL027W) and (YEL051W) and (YGR020C) and (YHR026W) and (YHR039C-A) and (YKL080W) and (YLR447C) and (YMR054W) and (YOR332W) and (YPL234C) and (YPR036W))
r_0248	((YBR127C) and (YDL185W) and (YEL027W) and (YEL051W) and (YGR020C) and (YHR026W) and (YHR039C-A) and (YKL080W) and (YLR447C) and (YOR270C) and (YOR332W) and (YPL234C) and (YPR036W))
r_0249	(((YCR024C-A) and (YEL017C-A) and (YGL008C)) or ((YCR024C-A) and (YEL017C-A) and (YPL036W)))
r_0250	(YBR110W)
r_0251	
r_0252	
r_0253	
r_0254	
r_0255	
r_0256	(YGR286C)
r_0257	(YDL141W)
r_0258	(YNL280C)
r_0259	(((YIL043C) and (YMR015C) and (YNL111C)) or ((YKL150W) and (YMR015C) and (YNL111C)))
r_0260	((YHR042W) and (YMR015C))
r_0261	(YGL001C)
r_0262	(YGL001C)
r_0263	(YLR100W)
r_0264	(YLR100W)
r_0265	(YGR060W)
r_0266	(YGR060W)
r_0267	(YGR060W)
r_0268	(YGR060W)
r_0269	(YLR056W)
r_0270	(YMR202W)
r_0271	(YGL012W)
r_0272	(YJR117W)
r_0273	(YDR410C)
r_0274	(YJR117W)
r_0275	(YDR410C)
r_0276	((YDL090C) and (YKL019W))
r_0277	((YJL130C) or ((YJR109C) and (YOR303W)))
r_0278	(YDL142C)
r_0279	((YAR035W) or (YER024W))
r_0280	(YML042W)
r_0281	(YML042W)
r_0282	(YGR088W)
r_0283	(YDR256C)
r_0284	(YBR029C)
r_0285	(YBR029C)
r_0286	(YDR297W)
r_0287	(YMR272C)
r_0288	(YDR297W)
r_0289	(YMR272C)
r_0290	((YHL003C) or (YKL008C) or (YPL087W))
r_0291	((YHL003C) or (YKL008C) or (YPL087W))
r_0292	((YBR183W) or (YHL003C) or (YKL008C) or (YPL087W))
r_0293	((YBR183W) or (YHL003C) or (YKL008C) or (YPL087W))
r_0294	(YMR272C)
r_0295	(YMR272C)
r_0296	((YLR307W) or (YLR308W))
r_0297	((YBR023C) or (YBR038W) or (YNL192W))
r_0298	
r_0299	(YLR133W)
r_0300	(YGR202C)
r_0301	(YHR123W)
r_0302	(YNL130C)
r_0303	(YNL130C)
r_0304	(YPR060C)
r_0305	
r_0306	(YGL148W)
r_0307	(YLR304C)
r_0308	(YLR304C)
r_0309	((YBR002C) or (YMR101C))
r_0310	((YBR002C) or (YMR101C))
r_0311	((YBR002C) or (YMR101C))
r_0312	((YBR002C) or (YMR101C))
r_0313	((YBR002C) or (YMR101C))
r_0314	((YBR002C) or (YMR101C))
r_0315	((YBR002C) or (YMR101C))
r_0316	((YBR002C) or (YMR101C))
r_0317	((YBR002C) or (YMR101C))
r_0318	((YBR002C) or (YMR101C))
r_0319	((YBR002C) or (YMR101C))
r_0320	((YBR002C) or (YMR101C))
r_0321	((YBR002C) or (YMR101C))
r_0322	((YBR002C) or (YMR101C))
r_0323	((YBR002C) or (YMR101C))
r_0324	(YMR101C)
r_0325	(YMR101C)
r_0326	(YMR101C)
r_0327	(YMR101C)
r_0328	((YNR001C) or (YPR001W))
r_0329	(YCR005C)
r_0330	(YLR304C)
r_0331	(YLR304C)
r_0332	
r_0333	(YDR044W)
r_0334	
r_0335	((YBL039C) or (YJR103W))
r_0336	((YBL039C) or (YJR103W))
r_0337	((YFR055W) or (YGL184C))
r_0338	(YGR155W)
r_0339	(YAL012W)
r_0340	((YJR130C) or (YML082W))
r_0341	(YGR012W)
r_0342	(YNL247W)
r_0343	(YLR245C)
r_0344	(YNR012W)
r_0345	
r_0346	
r_0347	(((YHR007C) and (YIL043C) and (YNL111C)) or ((YHR007C) and (YKL150W) and (YNL111C)))
r_0348	((YHR007C) and (YHR042W))
r_0349	(YPR062W)
r_0350	(YML086C)
r_0351	(YMR041C)
r_0352	(YBR149W)
r_0353	(YKL060C)
r_0354	(YJR159W)
r_0355	(YHR104W)
r_0356	(YHR037W)
r_0357	(YHR144C)
r_0358	(YHR144C)
r_0359	(YNL141W)
r_0360	
r_0361	(YLR245C)
r_0362	(YDR454C)
r_0363	(YHR068W)
r_0364	(YCR036W)
r_0365	
r_0366	(YLR209C)
r_0367	
r_0368	
r_0369	(YNR057C)
r_0370	(YOR245C)
r_0371	(YDR284C)
r_0372	
r_0373	(YKL216W)
r_0374	(YKL216W)
r_0375	(YOR236W)
r_0376	(YOR236W)
r_0377	(YMR113W)
r_0378	(YNL256W)
r_0379	(YDL100C)
r_0380	
r_0381	(YLR420W)
r_0382	(YNL256W)
r_0383	(YNL256W)
r_0384	(YJR016C)
r_0385	(YJR016C)
r_0386	((YFL053W) or (YML070W))
r_0387	(YJL167W)
r_0388	(YKL152C)
r_0389	(YOR163W)
r_0390	(YDR017C)
r_0391	(YLR172C)
r_0392	(YMR013C)
r_0393	(YPR183W)
r_0394	((YDL093W) or (YGR199W) or (YJR143C) or (YOR321W) or ((YAL023C) and (YDL095W)))
r_0395	(YJR057W)
r_0396	(YBR252W)
r_0397	(YJR153W)
r_0398	((YGR254W) or (YHR174W))
r_0399	(YJL097W)
r_0400	((YDR147W) or (YLR133W))
r_0401	(YOR126C)
r_0402	((YDR261C) or (YGR282C) or (YLR300W) or (YNR067C) or (YOR190W))
r_0403	((YDL090C) and (YKL019W))
r_0404	((YGL155W) and (YKL019W))
r_0405	(YPL069C)
r_0406	(((YGL205W) and (YIL160C) and (YKR009C) and (YLR284C)) or ((YGL205W) and (YIL160C) and (YKR009C) and (YOR180C)))
r_0407	(((YGL205W) and (YIL160C) and (YKR009C) and (YLR284C) and (YNL202W)) or ((YGL205W) and (YIL160C) and (YKR009C) and (YLR284C) and (YNL202W) and (YOR180C)) or ((YGL205W) and (YIL160C) and (YKR009C) and (YNL202W) and (YOR180C)))
r_0408	(((YGL205W) and (YIL160C) and (YKR009C) and (YLR284C)) or ((YGL205W) and (YIL160C) and (YKR009C) and (YOR180C)))
r_0409	(((YGL205W) and (YIL160C) and (YKR009C) and (YLR284C) and (YNL202W)) or ((YGL205W) and (YIL160C) and (YKR009C) and (YLR284C) and (YNL202W) and (YOR180C)) or ((YGL205W) and (YIL160C) and (YKR009C) and (YNL202W) and (YOR180C)))
r_0410	(((YGL205W) and (YIL160C) and (YKR009C) and (YLR284C)) or ((YGL205W) and (YIL160C) and (YKR009C) and (YOR180C)))
r_0411	(((YGL205W) and (YIL160C) and (YKR009C) and (YLR284C) and (YNL202W)) or ((YGL205W) and (YIL160C) and (YKR009C) and (YLR284C) and (YNL202W) and (YOR180C)) or ((YGL205W) and (YIL160C) and (YKR009C) and (YNL202W) and (YOR180C)))
r_0412	(((YGL205W) and (YIL160C) and (YKR009C) and (YLR284C) and (YNL202W)) or ((YGL205W) and (YIL160C) and (YKR009C) and (YNL202W) and (YOR180C)))
r_0413	(((YGL205W) and (YIL160C) and (YKR009C) and (YLR284C)) or ((YGL205W) and (YIL160C) and (YKR009C) and (YOR180C)))
r_0414	(((YGL205W) and (YIL160C) and (YKR009C) and (YLR284C) and (YNL202W)) or ((YGL205W) and (YIL160C) and (YKR009C) and (YLR284C) and (YNL202W) and (YOR180C)) or ((YGL205W) and (YIL160C) and (YKR009C) and (YNL202W) and (YOR180C)))
r_0415	((YGL205W) and (YIL160C) and (YKR009C))
r_0416	((YGL205W) and (YIL160C) and (YKR009C))
r_0417	((YGR037C) and (YKL182W) and (YNR016C) and (YPL231W))
r_0418	((YGR037C) and (YKL182W) and (YNR016C) and (YPL231W))
r_0419	((YGR037C) and (YKL182W) and (YNR016C) and (YPL231W))
r_0420	(YJL196C)
r_0421	((YGR037C) and (YKL182W) and (YNR016C) and (YPL231W))
r_0422	(YJL196C)
r_0423	((YGR037C) and (YKL182W) and (YNR016C) and (YPL231W))
r_0424	(YJL196C)
r_0425	((YCR034W) and (YDL015C) and (YLR372W))
r_0426	((YCR034W) and (YDL015C) and (YLR372W))
r_0427	((YGR037C) and (YKL182W) and (YNR016C) and (YPL231W))
r_0428	((YBR026C) and (YER061C) and (YHR067W) and (YKL055C) and (YKL192C) and (YOR221C))
r_0429	((YGR037C) and (YKL182W) and (YNR016C) and (YPL231W))
r_0430	((YGR037C) and (YKL182W) and (YNR016C) and (YPL231W))
r_0431	(YER015W)
r_0432	(YER015W)
r_0433	((YIL009W) or (YMR246W) or (YOR317W))
r_0434	(YER015W)
r_0435	((YIL009W) or (YMR246W) or (YOR317W))
r_0436	(YER015W)
r_0437	(YBR041W)
r_0438	(YBR041W)
r_0439	((YIL009W) or (YMR246W) or (YOR317W))
r_0440	((YIL009W) or (YMR246W) or (YOR317W))
r_0441	((YIL009W) or (YMR246W) or (YOR317W))
r_0442	(YER015W)
r_0443	((YIL009W) or (YMR246W) or (YOR317W))
r_0444	(YER015W)
r_0445	((YIL009W) or (YMR246W) or (YOR317W))
r_0446	(YER015W)
r_0447	((YKL182W) and (YPL231W))
r_0448	((YKL182W) and (YPL231W))
r_0449	((YKL182W) and (YPL231W))
r_0450	((YKL182W) and (YPL231W))
r_0451	((YKL182W) and (YPL231W))
r_0452	((YKL182W) and (YPL231W))
r_0453	((YKL182W) and (YPL231W))
r_0454	((YKL182W) and (YPL231W))
r_0455	((YBR026C) and (YER061C) and (YHR067W) and (YKL055C) and (YKL192C) and (YOR221C))
r_0456	((YBR026C) and (YER061C) and (YHR067W) and (YKL055C) and (YKL192C) and (YOR221C))
r_0457	((YBR026C) and (YER061C) and (YHR067W) and (YKL055C) and (YKL192C) and (YOR221C))
r_0458	((YBR026C) and (YER061C) and (YHR067W) and (YKL055C) and (YKL192C) and (YOR221C))
r_0459	((YBR026C) and (YER061C) and (YHR067W) and (YKL055C) and (YKL192C) and (YOR221C))
r_0460	((YBR026C) and (YER061C) and (YHR067W) and (YKL055C) and (YKL192C) and (YOR221C))
r_0461	((YBR026C) and (YER061C) and (YHR067W) and (YKL055C) and (YKL192C) and (YOR221C))
r_0462	((YBR026C) and (YER061C) and (YHR067W) and (YKL055C) and (YKL192C) and (YOR221C))
r_0463	((YBR026C) and (YER061C) and (YHR067W) and (YKL055C) and (YKL192C) and (YOR221C))
r_0464	((YGR037C) and (YKL182W) and (YNR016C) and (YPL231W))
r_0465	((YGR037C) and (YKL182W) and (YNR016C) and (YPL231W))
r_0466	((YGR037C) and (YKL182W) and (YNR016C) and (YPL231W))
r_0467	((YGR037C) and (YKL182W) and (YNR016C) and (YPL231W))
r_0468	(YOR176W)
r_0469	(((YEL039C) and (YKR066C)) or ((YJR048W) and (YKR066C)))
r_0470	(((Q0045) and (Q0250) and (Q0275) and (YDL067C) and (YEL039C) and (YGL187C) and (YGL191W) and (YHR051W) and (YIL111W) and (YLR038C) and (YLR395C) and (YMR256C)) or ((Q0045) and (Q0250) and (Q0275) and (YDL067C) and (YEL039C) and (YGL187C) and (YGL191W) and (YHR051W) and (YLR038C) and (YLR395C) and (YMR256C) and (YNL052W)) or ((Q0045) and (Q0250) and (Q0275) and (YDL067C) and (YGL187C) and (YGL191W) and (YHR051W) and (YIL111W) and (YJR048W) and (YLR038C) and (YLR395C) and (YMR256C)) or ((Q0045) and (Q0250) and (Q0275) and (YDL067C) and (YGL187C) and (YGL191W) and (YHR051W) and (YJR048W) and (YLR038C) and (YLR395C) and (YMR256C) and (YNL052W)))
r_0471	(((Q0105) and (YBL045C) and (YDR529C) and (YEL024W) and (YEL039C) and (YFR033C) and (YGR183C) and (YHR001W-A) and (YJL166W) and (YOR065W) and (YPR191W)) or ((Q0105) and (YBL045C) and (YDR529C) and (YEL024W) and (YFR033C) and (YGR183C) and (YHR001W-A) and (YJL166W) and (YJR048W) and (YOR065W) and (YPR191W)))
r_0472	(YDL045C)
r_0473	
r_0474	(YLR011W)
r_0475	(YLR011W)
r_0476	(YDL168W)
r_0477	
r_0478	((YOR388C) or (YPL275W) or (YPL276W))
r_0479	(YGR204W)
r_0480	(YBR084W)
r_0481	
r_0482	(YJL155C)
r_0483	(YLR377C)
r_0484	(YKL060C)
r_0485	(YPL262W)
r_0486	(YPL262W)
r_0487	(YKL216W)
r_0488	((YJR051W) or ((YDR178W) and (YJL045W) and (YKL141W) and (YLL041C)) or ((YDR178W) and (YKL141W) and (YKL148C) and (YLL041C)))
r_0489	(YEL047C)
r_0490	(YJR051W)
r_0491	(YLR299W)
r_0492	(YBR020W)
r_0493	(YBR018C)
r_0494	(YJL101C)
r_0495	
r_0496	(YJL167W)
r_0497	(YPR184W)
r_0498	(YIL099W)
r_0499	(YCL040W)
r_0500	
r_0501	(YNL241C)
r_0502	
r_0503	(YBR196C)
r_0504	(YBR196C)
r_0505	(YBR196C)
r_0506	(YDR300C)
r_0507	(YMR250W)
r_0508	(YDL215C)
r_0509	((YAL062W) or (YOR375C))
r_0510	(YDL171C)
r_0511	(YOR323C)
r_0512	(YOR323C)
r_0513	
r_0514	(YMR300C)
r_0515	(YPR035W)
r_0516	(YKL104C)
r_0517	(YOR168W)
r_0518	(YGL245W)
r_0519	(YOL033W)
r_0520	(((YCL035C) and (YPL091W)) or ((YDR098C) and (YPL091W)) or ((YDR513W) and (YPL091W)) or ((YER174C) and (YPL091W)))
r_0521	((YPL059W) and (YPL091W))
r_0522	((YBR244W) or (YCL035C) or (YDR513W) or (YIR037W) or (YKL026C))
r_0523	(YPL059W)
r_0524	(YOL049W)
r_0525	((YGR192C) or (YJL052W) or (YJR009C))
r_0526	(YOR120W)
r_0527	(YHL032C)
r_0528	((YER062C) or (YIL053W))
r_0529	(YIL155C)
r_0530	((YDL022W) or (YOL059W))
r_0531	(YOL059W)
r_0532	((YBL011W) or (YKR067W))
r_0533	(YKR067W)
r_0534	((YBL011W) or (YKR067W))
r_0535	(YKR067W)
r_0536	(YPL110C)
r_0537	
r_0538	((YAL044C) and (YDR019C) and (YFL018C) and (YMR189W))
r_0539	(YLR058C)
r_0540	(YBR263W)
r_0541	((YAL044C) and (YDR019C) and (YFL018C) and (YMR189W))
r_0542	(((YAL044C) and (YDR019C) and (YFL018C) and (YMR189W)) or ((YDR148C) and (YFL018C) and (YIL125W)))
r_0543	((YAL044C) and (YDR019C) and (YFL018C) and (YMR189W))
r_0544	((YAL044C) and (YDR019C) and (YFL018C) and (YMR189W))
r_0545	((YAL044C) and (YDR019C) and (YFL018C) and (YMR189W))
r_0546	((YAL044C) and (YDR019C) and (YFL018C) and (YMR189W))
r_0547	(((YFR015C) and (YJL137C)) or ((YFR015C) and (YKR058W)) or ((YJL137C) and (YLR258W)) or ((YKR058W) and (YLR258W)))
r_0548	(YPR160W)
r_0549	((YBR121C) or (YPR081C))
r_0550	(YLR195C)
r_0551	(YMR217W)
r_0552	(YDR400W)
r_0553	((YDR331W) and (YDR434W) and (YHR188C) and (YLR088W) and (YLR459W))
r_0554	(YFL025C)
r_0555	(YMR281W)
r_0556	((YJR013W) and (YCL052C))
r_0557	(YKL165C)
r_0558	(YBR004C)
r_0559	(YGL142C)
r_0560	((YDR302W) or (YLL031C))
r_0561	(YGR267C)
r_0562	(YBL033C)
r_0563	(YER005W)
r_0564	(YDL238C)
r_0565	(YDR399W)
r_0566	
r_0567	(YDR454C)
r_0568	(YDR454C)
r_0569	((YDR376W) and (YER141W) and (YPL252C))
r_0570	(YPL172C)
r_0571	((YDR204W) and (YGL119W) and (YGR255C) and (YLR201C) and (YML110C) and (YOL096C) and (YOR125C))
r_0572	((YFR053C) or (YGL253W))
r_0573	((YCL040W) or (YFR053C) or (YGL253W))
r_0574	((YFR053C) or (YGL253W))
r_0575	(YCL030C)
r_0576	(YFR025C)
r_0577	(YIL116W)
r_0578	(YPR033C)
r_0579	(YPR033C)
r_0580	(YBR034C)
r_0581	(YDR234W)
r_0582	
r_0583	((YDL131W) or (YDL182W))
r_0584	((YLL062C) or (YPL273W))
r_0585	(YIL094C)
r_0586	(YJR139C)
r_0587	(YJR139C)
r_0588	(YHR025W)
r_0589	(YNL277W)
r_0590	(((YDR453C) and (YGR209C)) or ((YDR453C) and (YLR043C)))
r_0591	((YBL064C) and (YCR083W))
r_0592	(((YGR209C) and (YLR109W)) or ((YLR043C) and (YLR109W)))
r_0593	(YDR272W)
r_0594	(YOR040W)
r_0595	(YNR041C)
r_0596	(YPL214C)
r_0597	(YDL205C)
r_0598	((YLR450W) or (YML075C))
r_0599	(YML126C)
r_0600	(YML126C)
r_0601	((YOL055C) or (YPL258C) or (YPR121W))
r_0602	
r_0603	(YDR399W)
r_0604	(YBR248C)
r_0605	(YOR202W)
r_0606	((YLR028C) or (YMR120C))
r_0607	((YHR216W) or (YLR432W))
r_0608	(YKL211C)
r_0609	((YDR380W) or (YGR087C) or (YLR044C) or (YLR134W))
r_0610	(YBR011C)
r_0611	(YMR267W)
r_0612	(YDR315C)
r_0613	(YDR173C)
r_0614	(YDR173C)
r_0615	(YDR173C)
r_0616	(YDR173C)
r_0617	
r_0618	(YDR072C)
r_0619	
r_0620	(YDR017C)
r_0621	(YKL004W)
r_0622	(YKL004W)
r_0623	(YKL004W)
r_0624	(YKL004W)
r_0625	(YER019W)
r_0626	(YER019W)
r_0627	(YOR126C)
r_0628	(YOR126C)
r_0629	((YNL037C) and (YOR136W))
r_0630	(YLR174W)
r_0631	(YDL066W)
r_0632	(YNL009W)
r_0633	(YER065C)
r_0634	(YJR148W)
r_0635	(YHR208W)
r_0636	(YBL076C)
r_0637	(YPL040C)
r_0638	(YPL117C)
r_0639	((YGR244C) and (YOR142W))
r_0640	(YLR355C)
r_0641	(YLR231C)
r_0642	(YBL098W)
r_0643	(YHR037W)
r_0644	
r_0645	
r_0646	(YHR037W)
r_0647	(YLR089C)
r_0648	(YEL046C)
r_0649	(YMR226C)
r_0650	((YBR115C) and (YGL154C))
r_0651	((YBR115C) and (YGL154C))
r_0652	(YDR321W)
r_0653	((YLR155C) or (YLR157C) or (YLR158C) or (YLR160C))
r_0654	(YLR027C)
r_0655	(YKL106W)
r_0656	(YLR027C)
r_0657	
r_0658	
r_0659	(YHR037W)
r_0660	(YHR037W)
r_0661	(YER023W)
r_0662	(YER023W)
r_0663	((YHR104W) or (YOL151W))
r_0664	(YCL064C)
r_0665	(YMR226C)
r_0666	(YJR159W)
r_0667	(YCL064C)
r_0668	(YER086W)
r_0669	(YJR078W)
r_0670	(YDR403W)
r_0671	
r_0672	(YML004C)
r_0673	(YHR072W)
r_0674	(YJR148W)
r_0675	(YHR208W)
r_0676	(YPL160W)
r_0677	(YLR382C)
r_0678	(YNL045W)
r_0679	(YNL045W)
r_0680	(YNL045W)
r_0681	(YNL045W)
r_0682	(YNL045W)
r_0683	(YNL045W)
r_0684	(YDR503C)
r_0685	(YPR140W)
r_0686	(YDR037W)
r_0687	(YNL073W)
r_0688	(YOL126C)
r_0689	(YKL085W)
r_0690	(YDL078C)
r_0691	((YIR031C) or (YNL117W))
r_0692	(YNL117W)
r_0693	(YKL029C)
r_0694	(YKL029C)
r_0695	((YKL182W) and (YPL231W))
r_0696	((YBR026C) and (YER061C) and (YHR067W) and (YKL055C) and (YKL192C) and (YOR221C))
r_0697	(YDL055C)
r_0698	(YER003C)
r_0699	(YBR084W)
r_0700	(YGR204W)
r_0701	((YDR502C) or (YLR180W))
r_0702	(YER091C)
r_0703	(YBL013W)
r_0704	(YGR264C)
r_0705	(YGR171C)
r_0706	(YKR080W)
r_0707	(YGR204W)
r_0708	(YBR084W)
r_0709	
r_0710	(YPR006C)
r_0711	(YMR208W)
r_0712	(YMR208W)
r_0713	(YMR208W)
r_0714	(YMR208W)
r_0715	(YNR043W)
r_0716	(YBR159W)
r_0717	(YBR159W)
r_0718	(YBR159W)
r_0719	(YBR159W)
r_0720	(YBR159W)
r_0721	(YBR159W)
r_0722	(YBR159W)
r_0723	((YBR036C) and (YPL057C))
r_0724	((YBR036C) and (YDR297W))
r_0725	((YDR287W) or (YHR046C))
r_0726	(YJL153C)
r_0727	
r_0728	(YER069W)
r_0729	(YFL017C)
r_0730	
r_0731	((YJL071W) or (YMR062C))
r_0732	(YJL060W)
r_0733	((YDR402C) and (YHR042W))
r_0734	
r_0735	(YGL067W)
r_0736	((YEL041W) or (YJR049C))
r_0737	(YPL188W)
r_0738	
r_0739	((YDL042C) or (YDR191W) or (YOL068C) or (YOR025W) or (YPL015C))
r_0740	(YHR074W)
r_0741	(YHR074W)
r_0742	((YDL085W) or (YMR145C))
r_0743	((YEL041W) or (YJR049C))
r_0744	((YEL041W) or (YJR049C))
r_0745	(YML120C)
r_0746	
r_0747	
r_0748	(YOR209C)
r_0749	(YOR209C)
r_0750	((YCR020C-A) and (YEL053C) and (YPR051W))
r_0751	((YCR020C-A) and (YEL053C) and (YPR051W))
r_0752	((YCR020C-A) and (YEL053C) and (YPR051W))
r_0753	((YCR020C-A) and (YEL053C) and (YPR051W))
r_0754	((YCR020C-A) and (YEL053C) and (YPR051W))
r_0755	((YCR020C-A) and (YEL053C) and (YPR051W))
r_0756	(YGL037C)
r_0757	(YGL037C)
r_0758	(YLR285W)
r_0759	(YGR010W)
r_0760	(YLR328W)
r_0761	((YGR010W) or (YLR328W))
r_0762	(YLR328W)
r_0763	(YFR047C)
r_0764	(YFR047C)
r_0765	
r_0766	(YER005W)
r_0767	
r_0768	(YER005W)
r_0769	(YEL042W)
r_0770	(YER005W)
r_0771	(YKL067W)
r_0772	(YKL067W)
r_0773	(YKL067W)
r_0774	(YKL067W)
r_0775	(YKL067W)
r_0776	(YKL067W)
r_0777	(YKL067W)
r_0778	(YKL067W)
r_0779	(YKL067W)
r_0780	
r_0781	
r_0782	(YLR303W)
r_0783	(YLR303W)
r_0784	((YAL023C) and (YDL095W))
r_0785	(YOR184W)
r_0786	(YML082W)
r_0787	
r_0788	
r_0789	(YJL088W)
r_0790	(YKL184W)
r_0791	(YMR062C)
r_0792	(YLR438W)
r_0793	((YML106W) or (YMR271C))
r_0794	(YEL021W)
r_0795	(YAR042W)
r_0796	(YAR042W)
r_0797	(YDL019C)
r_0798	(YDL019C)
r_0799	(YHR073W)
r_0800	(YHR073W)
r_0801	(YPL145C)
r_0802	(YPL145C)
r_0803	(YOR237W)
r_0804	((YDR148C) and (YFL018C) and (YIL125W))
r_0805	((YDR148C) and (YFL018C) and (YIL125W))
r_0806	(YDR264C)
r_0807	((YDR126W) and (YAL014C))
r_0808	((YDR126W) and (YAL030W))
r_0809	((YDR126W) and (YDR468C))
r_0810	(YGL055W)
r_0811	((YOL003C) and (YBR023C))
r_0812	((YLR246W) and (YOL110W))
r_0813	((YNL326C) and (YEL013W))
r_0814	
r_0815	
r_0816	(YDR531W)
r_0817	(YIL145C)
r_0818	(YJR019C)
r_0819	(YJR019C)
r_0820	(YJR019C)
r_0821	(YJR019C)
r_0822	(YJR019C)
r_0823	(YJR019C)
r_0824	(YJR019C)
r_0825	((YGL202W) or (YHR137W))
r_0826	((YFL022C) and (YLR060W))
r_0827	(YPR047W)
r_0828	((YDR380W) or (YGR087C) or (YLR044C) or (YLR134W))
r_0829	(YPL206C)
r_0830	(YPL206C)
r_0831	(YJR073C)
r_0832	(YGR157W)
r_0833	(YCL004W)
r_0834	(YNL325C)
r_0835	((YJR110W) or (YNL106C) or (YOR109W))
r_0836	((YIL002C) or (YNL106C) or (YOR109W))
r_0837	((YIL002C) or (YNL106C) or (YOR109W))
r_0838	(YOL065C)
r_0839	(YNL267W)
r_0840	(YNL267W)
r_0841	(YKL212W)
r_0842	(YKL212W)
r_0843	(YKL212W)
r_0844	(YKL212W)
r_0845	(YKL212W)
r_0846	(YKL212W)
r_0847	(YPR113W)
r_0848	(YPR113W)
r_0849	(YDR208W)
r_0850	(YNL169C)
r_0851	(YGR170W)
r_0852	(YGR170W)
r_0853	(YER026C)
r_0854	(YER026C)
r_0855	(YEL058W)
r_0856	(((YGR209C) and (YPR167C)) or ((YLR043C) and (YPR167C)))
r_0857	(YKR097W)
r_0858	(YGR007W)
r_0859	((YGR240C) and (YMR205C))
r_0860	((YGR240C) and (YMR205C))
r_0861	((YKL127W) or (YMR105C))
r_0862	((YGR256W) or (YHR183W))
r_0863	(YEL058W)
r_0864	((YER081W) or (YIL074C))
r_0865	(YCR012W)
r_0866	(YKL152C)
r_0867	((YMR006C) or (YOL011W))
r_0868	((YMR006C) or (YOL011W))
r_0869	(YMR008C)
r_0870	(YMR008C)
r_0871	(YPL268W)
r_0872	(YKR031C)
r_0873	(YJR073C)
r_0874	(YJR073C)
r_0875	(YFL045C)
r_0876	((YOL055C) or (YPL258C) or (YPR121W))
r_0877	(YMR220W)
r_0878	
r_0879	
r_0880	((YKL127W) or (YMR105C))
r_0881	(YCL030C)
r_0882	(YCL030C)
r_0883	(YOR128C)
r_0884	(YGL234W)
r_0885	((YLR028C) or (YMR120C))
r_0886	(YAR015W)
r_0887	(YDR007W)
r_0888	(YGR061C)
r_0889	(YDR408C)
r_0890	(YGL234W)
r_0891	((YBL068W) or (YER099C) or (YHL011C) or (YKL181W) or (YOL061W))
r_0892	(YGR208W)
r_0893	(YOR184W)
r_0894	(YDR294C)
r_0895	(YDR297W)
r_0896	(YLR240W)
r_0897	(YIL105C)
r_0898	(YNL047C)
r_0899	
r_0900	
r_0901	(YDR313C)
r_0902	(YMR020W)
r_0903	((YNL106C) or (YOR109W))
r_0904	((YNL106C) or (YOR109W))
r_0905	((YNL106C) or (YOR109W))
r_0906	((YNL106C) or (YOR109W))
r_0907	((YNL106C) or (YOR109W))
r_0908	(YGL040C)
r_0909	(YMR020W)
r_0910	(YMR020W)
r_0911	(YNL316C)
r_0912	
r_0913	(YBR166C)
r_0914	(YLR142W)
r_0915	(YHR020W)
r_0916	(YER014W)
r_0917	((YDR400W) and (YLR017W) and (YLR209C))
r_0918	(YLR209C)
r_0919	(YLR209C)
r_0920	(YLR209C)
r_0921	(YLR209C)
r_0922	(YLR209C)
r_0923	(YLR209C)
r_0924	(YLR209C)
r_0925	(YLR209C)
r_0926	(YLR209C)
r_0927	
r_0928	(YBR035C)
r_0929	(YBR035C)
r_0930	
r_0931	(YBR035C)
r_0932	
r_0933	(YBR035C)
r_0934	
r_0935	
r_0936	(YER023W)
r_0937	((YBR218C) or (YGL062W))
r_0938	((YGR087C) or (YLR044C) or (YLR134W))
r_0939	((YGR087C) or (YLR044C) or (YLR134W))
r_0940	((YBR221C) and (YER178W) and (YFL018C) and (YGR193C) and (YNL071W))
r_0941	((YAL038W) or (YOR347C))
r_0942	
r_0943	
r_0944	((YDR204W) and (YGL119W) and (YGR255C) and (YLR201C) and (YML110C) and (YOL096C) and (YOR125C))
r_0945	(YDR135C)
r_0946	(YDR236C)
r_0947	(YDR236C)
r_0948	(YOL143C)
r_0949	(YBR256C)
r_0950	(YCR036W)
r_0951	(((YER070W) and (YGR180C) and (YGR209C)) or ((YER070W) and (YGR180C) and (YLR043C)) or ((YGR180C) and (YGR209C) and (YIL066C)) or ((YGR180C) and (YIL066C) and (YLR043C)))
r_0952	(((YER070W) and (YGR209C) and (YJL026W)) or ((YER070W) and (YJL026W) and (YLR043C)) or ((YGR209C) and (YIL066C) and (YJL026W)) or ((YIL066C) and (YJL026W) and (YLR043C)))
r_0953	(((YER070W) and (YGR209C) and (YJL026W)) or ((YER070W) and (YJL026W) and (YLR043C)))
r_0954	(((YER070W) and (YGR180C) and (YGR209C)) or ((YER070W) and (YGR180C) and (YLR043C)))
r_0955	(((YER070W) and (YGR209C) and (YJL026W)) or ((YER070W) and (YJL026W) and (YLR043C)))
r_0956	(((YER070W) and (YGR180C) and (YGR209C)) or ((YER070W) and (YGR180C) and (YLR043C)))
r_0957	(((YER070W) and (YGR209C) and (YJL026W)) or ((YER070W) and (YJL026W) and (YLR043C)))
r_0958	(((YER070W) and (YGR180C) and (YGR209C)) or ((YER070W) and (YGR180C) and (YLR043C)))
r_0959	((YGR209C) or (YLR043C))
r_0960	((YGR209C) or (YLR043C))
r_0961	((YGR209C) or (YLR043C))
r_0962	((YGR209C) or (YLR043C))
r_0963	(YOR095C)
r_0964	(YNL129W)
r_0965	(YJL121C)
r_0966	((YDR204W) and (YGL119W) and (YGR255C) and (YLR201C) and (YML110C) and (YOL096C) and (YOR125C))
r_0967	(YML008C)
r_0968	(YJL068C)
r_0969	(YIR034C)
r_0970	(YNR050C)
r_0971	(YKL060C)
r_0972	((YDR062W) or (YMR296C))
r_0973	(YML059C)
r_0974	
r_0975	((YDR023W) or (YHR011W))
r_0976	(YDR127W)
r_0977	(YDR127W)
r_0978	(YBR213W)
r_0979	(YBR213W)
r_0980	(YEL047C)
r_0981	
r_0982	(YPR069C)
r_0983	(YLR146C)
r_0984	(YDR294C)
r_0985	((YJL134W) or (YKR053C))
r_0986	((YJL134W) or (YKR053C))
r_0987	((YLR260W) or (YOR171C))
r_0988	((YLR260W) or (YOR171C))
r_0989	
r_0990	
r_0991	(((YGR175C) and (YIL043C) and (YNL111C)) or ((YGR175C) and (YKL150W) and (YNL111C)))
r_0992	((YGR175C) and (YHR042W))
r_0993	(YHR190W)
r_0994	(YGL055W)
r_0995	((YKL140W) or (YLL012W))
r_0996	((YKL140W) or (YLL012W))
r_0997	((YKL140W) or (YLL012W))
r_0998	(YLR020C)
r_0999	(YLR020C)
r_1000	(YLR020C)
r_1001	(((YDR178W) and (YJL045W) and (YKL141W) and (YLL041C)) or ((YDR178W) and (YKL141W) and (YKL148C) and (YLL041C)))
r_1002	(((YDR178W) and (YJL045W) and (YKL141W) and (YLL041C)) or ((YDR178W) and (YKL141W) and (YKL148C) and (YLL041C)))
r_1003	((YGR244C) and (YOR142W))
r_1004	(YBR006W)
r_1005	(YIL162W)
r_1006	(YJR010W)
r_1007	(YCL050C)
r_1008	((YFR030W) or (YJR137C))
r_1009	(YLL048C)
r_1010	(YLL057C)
r_1011	((YAL044C) and (YBR221C) and (YDR019C) and (YER178W) and (YMR189W))
r_1012	(YOR241W)
r_1013	(YBR092C)
r_1014	
r_1015	(YBR092C)
r_1016	
r_1017	(YOR143C)
r_1018	(YOR143C)
r_1019	(YPL214C)
r_1020	
r_1021	
r_1022	
r_1023	(((YGR209C) and (YIL010W)) or ((YIL010W) and (YLR043C)))
r_1024	((YDR353W) or ((YDR353W) and (YGR209C)) or ((YDR353W) and (YLR043C)))
r_1025	(((YCR083W) and (YHR106W)) or ((YCR083W) and (YPL091W)))
r_1026	(YEL046C)
r_1027	(YCR053W)
r_1028	(YIL078W)
r_1029	(YKL194C)
r_1030	
r_1031	(YLR209C)
r_1032	(YOR074C)
r_1033	(YER175C)
r_1034	(YBR003W)
r_1035	(YLR354C)
r_1036	((YBR117C) or (YPR074C))
r_1037	((YBR117C) or (YPR074C))
r_1038	(YDR074W)
r_1039	(YDR058C)
r_1040	((YKR089C) or (YMR313C) or (YOR081C))
r_1041	(YDR050C)
r_1042	(YGL026C)
r_1043	((YGL202W) or (YHR137W))
r_1044	(YOL097C)
r_1045	(YDR268W)
r_1046	(YJL100W)
r_1047	(YJL100W)
r_1048	(YJL100W)
r_1049	(YJL100W)
r_1050	((YGL202W) or (YHR137W))
r_1051	(YKL106W)
r_1052	(YLR027C)
r_1053	(YGR185C)
r_1054	(YPL097W)
r_1055	(YLR189C)
r_1056	(YDL103C)
r_1057	(YBR019C)
r_1058	(YBR018C)
r_1059	(YKL024C)
r_1060	(YKL024C)
r_1061	(YHR128W)
r_1062	(YBR208C)
r_1063	(YIR032C)
r_1064	(YNR012W)
r_1065	(YNR012W)
r_1066	(YKL024C)
r_1067	(YKL024C)
r_1068	(YDR047W)
r_1069	(YKR069W)
r_1070	(YOR278W)
r_1071	(YER005W)
r_1072	(YKL035W)
r_1073	(YJR148W)
r_1074	(YHR208W)
r_1075	(YGR094W)
r_1076	(YGR094W)
r_1077	
r_1078	
r_1079	(YJR133W)
r_1080	(YLR070C)
r_1081	(YHR104W)
r_1082	(YGR194C)
r_1083	((YFL001W) or (YGL063W) or (YNL292W) or (YPL212C))
r_1084	
r_1085	
r_1086	
r_1087	
r_1088	
r_1089	
r_1090	
r_1091	
r_1092	
r_1093	
r_1094	
r_1095	
r_1096	
r_1097	
r_1098	
r_1099	
r_1100	
r_1101	
r_1102	
r_1103	
r_1104	((YOR222W) or (YPL134C))
r_1105	
r_1106	
r_1107	
r_1108	
r_1109	
r_1110	
r_1111	
r_1112	
r_1113	
r_1114	
r_1115	
r_1116	
r_1117	
r_1118	
r_1119	
r_1120	
r_1121	
r_1122	
r_1123	
r_1124	
r_1125	((YDL210W) or (YOR348C))
r_1126	
r_1127	
r_1128	
r_1129	
r_1130	(YDL210W)
r_1131	
r_1132	
r_1133	(YNR056C)
r_1134	
r_1135	
r_1136	
r_1137	(YCR032W)
r_1138	
r_1139	(YCR010C)
r_1140	
r_1141	
r_1142	
r_1143	((YER056C) or (YER060W) or (YER060W-A) or (YGL186C))
r_1144	
r_1145	
r_1146	(YAL022C)
r_1147	
r_1148	
r_1149	((YBL030C) or (YBR085W) or (YMR056C))
r_1150	(YPR128C)
r_1151	
r_1152	
r_1153	(YJR152W)
r_1154	(YIR028W)
r_1155	
r_1156	
r_1157	((YDR384C) or (YGR121C) or (YNL142W) or (YPR138C))
r_1158	
r_1159	
r_1160	(YPR128C)
r_1161	
r_1162	
r_1163	(YPR021C)
r_1164	
r_1165	(YPR021C)
r_1166	
r_1167	
r_1168	
r_1169	
r_1170	(YGR065C)
r_1171	(YOR100C)
r_1172	
r_1173	
r_1174	
r_1175	
r_1176	
r_1177	
r_1178	
r_1179	
r_1180	(YGL077C)
r_1181	
r_1182	(YBR291C)
r_1183	(YBR291C)
r_1184	(YBR291C)
r_1185	
r_1186	
r_1187	(YBR192W)
r_1188	
r_1189	
r_1190	
r_1191	
r_1192	
r_1193	
r_1194	
r_1195	(YHR002W)
r_1196	
r_1197	
r_1198	(YBR192W)
r_1199	(YBR192W)
r_1200	(YAL022C)
r_1201	((YER056C) or (YER060W) or (YER060W-A) or (YGL186C))
r_1202	
r_1203	
r_1204	((YDL245C) or (YDR342C) or (YDR343C) or (YDR345C) or (YEL069C) or (YFL011W) or (YHR092C) or (YHR094C) or (YHR096C) or (YJL214W) or (YJL219W) or (YJR158W) or (YMR011W) or (YNR072W) or (YOL156W))
r_1205	((YDR536W) or (YFL011W) or (YJL219W) or (YLR081W) or (YNL318C) or (YOL156W))
r_1206	
r_1207	(YKL217W)
r_1208	
r_1209	
r_1210	((YDL245C) or (YDR342C) or (YDR343C) or (YDR345C) or (YEL069C) or (YFL011W) or (YHR092C) or (YHR094C) or (YHR096C) or (YJL214W) or (YJL219W) or (YJR158W) or (YMR011W) or (YNR072W) or (YOL156W))
r_1211	
r_1212	
r_1213	
r_1214	
r_1215	
r_1216	
r_1217	
r_1218	
r_1219	
r_1220	
r_1221	
r_1222	
r_1223	
r_1224	
r_1225	
r_1226	
r_1227	
r_1228	((YDR093W) or (YER166W))
r_1229	((YDR093W) or (YER166W))
r_1230	((YDR093W) or (YER166W))
r_1231	(YMR162C)
r_1232	(YMR162C)
r_1233	(YMR162C)
r_1234	
r_1235	
r_1236	
r_1237	
r_1238	((YIL013C) or (YOR011W))
r_1239	
r_1240	
r_1241	
r_1242	
r_1243	((YIL013C) or (YOR011W))
r_1244	((YIL013C) or (YOR011W))
r_1245	
r_1246	
r_1247	
r_1248	
r_1249	
r_1250	(YIL134W)
r_1251	(YIL134W)
r_1252	
r_1253	
r_1254	
r_1255	
r_1256	
r_1257	
r_1258	
r_1259	
r_1260	
r_1261	(YBR041W)
r_1262	(YBR041W)
r_1263	
r_1264	
r_1265	
r_1266	
r_1267	((YKL188C) and (YPL147W))
r_1268	((YKL188C) and (YPL147W))
r_1269	((YKL188C) and (YPL147W))
r_1270	((YKL188C) and (YPL147W))
r_1271	((YKL188C) and (YPL147W))
r_1272	((YKL188C) and (YPL147W))
r_1273	((YKL188C) and (YPL147W))
r_1274	
r_1275	
r_1276	
r_1277	
r_1278	
r_1279	
r_1280	
r_1281	
r_1282	((YIL013C) or (YOR011W))
r_1283	((YIL013C) or (YOR011W))
r_1284	
r_1285	
r_1286	
r_1287	
r_1288	
r_1289	
r_1290	
r_1291	(YGL225W)
r_1292	
r_1293	((YDL245C) or (YDR342C) or (YDR343C) or (YDR345C) or (YDR536W) or (YEL069C) or (YFL011W) or (YHR092C) or (YHR094C) or (YHR096C) or (YJL214W) or (YJL219W) or (YJR158W) or (YLR081W) or (YMR011W) or (YNR072W) or (YOL156W))
r_1294	
r_1295	(YJL212C)
r_1296	((YDR135C) or (YLL015W))
r_1297	(YCR098C)
r_1298	(YCR098C)
r_1299	(YLL043W)
r_1300	(YDR536W)
r_1301	
r_1302	
r_1303	((YCL025C) or (YKR039W) or (YOL020W) or (YOR348C) or (YPL265W))
r_1304	
r_1305	
r_1306	
r_1307	
r_1308	
r_1309	(YDL198C)
r_1310	
r_1311	((YER056C) or (YER060W) or (YER060W-A) or (YGL186C))
r_1312	
r_1313	
r_1314	
r_1315	((YLL052C) or (YPR192W))
r_1316	
r_1317	
r_1318	
r_1319	
r_1320	
r_1321	
r_1322	
r_1323	
r_1324	
r_1325	
r_1326	
r_1327	
r_1328	
r_1329	
r_1330	
r_1331	
r_1332	
r_1333	
r_1334	
r_1335	((YDR497C) or (YOL103W))
r_1336	(YMR319C)
r_1337	
r_1338	
r_1339	
r_1340	
r_1341	
r_1342	
r_1343	
r_1344	
r_1345	
r_1346	
r_1347	((YBR068C) or (YCL025C) or (YDR046C) or (YKR039W) or (YOL020W) or (YOR348C) or (YPL265W))
r_1348	
r_1349	
r_1350	((YEL063C) or (YKR039W) or (YNL270C))
r_1351	(YBR293W)
r_1352	((YCL025C) or (YDR508C) or (YKR039W) or (YPL265W))
r_1353	(YJR001W)
r_1354	((YKL146W) or (YNL101W))
r_1355	(YER119C)
r_1356	((YFL055W) or (YKR039W) or (YPL265W))
r_1357	(YBR132C)
r_1358	
r_1359	((YBR068C) or (YBR069C) or (YCL025C) or (YDR046C) or (YDR508C) or (YKR039W) or (YOL020W))
r_1360	(YCR075C)
r_1361	
r_1362	
r_1363	(YPR021C)
r_1364	
r_1365	
r_1366	(YER119C)
r_1367	((YCL025C) or (YFL055W) or (YKR039W) or (YPL265W))
r_1368	
r_1369	(YJR001W)
r_1370	((YKL146W) or (YNL101W))
r_1371	((YCL025C) or (YDR508C) or (YKR039W) or (YPL265W))
r_1372	((YBR293W) or (YCL069W) or (YMR088C))
r_1373	((YBR069C) or (YCL025C) or (YGR191W) or (YKR039W))
r_1374	
r_1375	(YCL038C)
r_1376	(YJR001W)
r_1377	((YKL146W) or (YNL101W))
r_1378	((YBR068C) or (YBR069C) or (YCL025C) or (YDR046C) or (YKR039W))
r_1379	(YKL217W)
r_1380	(YKL217W)
r_1381	(YCL038C)
r_1382	(YJR001W)
r_1383	((YKL146W) or (YNL101W))
r_1384	((YBR068C) or (YBR069C) or (YCL025C) or (YDR046C) or (YDR508C) or (YKR039W))
r_1385	((YBR293W) or (YCL069W) or (YMR088C))
r_1386	((YKR039W) or (YNL268W))
r_1387	
r_1388	((YBR068C) or (YCL025C) or (YDR046C) or (YDR508C) or (YGR055W) or (YHL036W) or (YKR039W))
r_1389	((YBR068C) or (YCL025C) or (YDR046C) or (YKR039W) or (YOL020W))
r_1390	((YKR039W) or (YOR348C))
r_1391	
r_1392	
r_1393	((YCL025C) or (YDR508C) or (YFL055W) or (YKR039W) or (YPL265W))
r_1394	
r_1395	
r_1396	((YBR069C) or (YCL025C) or (YDR046C) or (YDR508C) or (YKR039W))
r_1397	((YBR068C) or (YBR069C) or (YDR046C) or (YKR039W) or (YOL020W))
r_1398	(YCL038C)
r_1399	((YBR293W) or (YJR001W))
r_1400	((YKL146W) or (YNL101W))
r_1401	((YBR068C) or (YBR069C) or (YCL025C) or (YDR046C) or (YKR039W) or (YOL020W))
r_1402	((YBR068C) or (YBR069C) or (YCL025C) or (YDR046C) or (YKR039W))
r_1403	((YIL013C) or (YOR011W))
r_1404	
r_1405	(YLR348C)
r_1406	
r_1407	((YBR298C) or (YDL247W) or (YGR289C) or (YJR160C))
r_1408	
r_1409	
r_1410	
r_1411	
r_1412	(YBR180W)
r_1413	((YEL006W) or (YIL006W))
r_1414	(YIL006W)
r_1415	(YIL006W)
r_1416	(YIL006W)
r_1417	(YIL006W)
r_1418	(YIL006W)
r_1419	
r_1420	
r_1421	
r_1422	
r_1423	
r_1424	
r_1425	
r_1426	
r_1427	(YGR260W)
r_1428	
r_1429	
r_1430	
r_1431	
r_1432	
r_1433	
r_1434	
r_1435	
r_1436	
r_1437	(YPL147W)
r_1438	
r_1439	
r_1440	
r_1441	(YOR130C)
r_1442	((YEL063C) or (YKR039W))
r_1443	
r_1444	(YKL120W)
r_1445	
r_1446	
r_1447	
r_1448	
r_1449	
r_1450	
r_1451	(YCR028C)
r_1452	
r_1453	
r_1454	
r_1455	
r_1456	
r_1457	
r_1458	
r_1459	
r_1460	(YER053C)
r_1461	((YBR296C) or (YCR037C) or (YJL198W) or (YML123C) or (YNR013C))
r_1462	(YJR077C)
r_1463	
r_1464	
r_1465	
r_1466	
r_1467	
r_1468	
r_1469	
r_1470	
r_1471	
r_1472	
r_1473	((YJL100W) or (YLR305C))
r_1474	(YDR208W)
r_1475	(YNL323W)
r_1476	(YJL129C)
r_1477	
r_1478	
r_1479	(YKL174C)
r_1480	((YLL028W) or (YOR273C))
r_1481	(YGL186C)
r_1482	
r_1483	
r_1484	(YKL217W)
r_1485	
r_1486	
r_1487	
r_1488	
r_1489	
r_1490	
r_1491	(YPL274W)
r_1492	(YNL003C)
r_1493	(YLL061W)
r_1494	
r_1495	
r_1496	
r_1497	(YLR138W)
r_1498	(YKL174C)
r_1499	((YBR132C) or (YHL016C) or (YKR039W) or (YLL028W) or (YPL274W))
r_1500	(YLL028W)
r_1501	
r_1502	
r_1503	
r_1504	(YLR348C)
r_1505	(YJR095W)
r_1506	
r_1507	((YBR294W) or (YLR092W))
r_1508	(YPL092W)
r_1509	
r_1510	
r_1511	(YGR096W)
r_1512	((YLR237W) or (YOR071C) or (YOR192C))
r_1513	
r_1514	
r_1515	
r_1516	
r_1517	
r_1518	
r_1519	
r_1520	
r_1521	
r_1522	
r_1523	
r_1524	(YPL244C)
r_1525	
r_1526	(YBR192W)
r_1527	(YBR021W)
r_1528	(YHL016C)
r_1529	(YBL042C)
r_1530	(YBR192W)
r_1531	(YBR192W)
r_1532	
r_1533	
r_1534	
r_1535	
r_1536	((YIL013C) or (YOR011W))
r_1537	
r_1538	
r_1539	((Q0045) and (Q0250) and (Q0275) and (YDL067C) and (YEL039C) and (YGL187C) and (YGL191W) and (YHR051W) and (YIL111W) and (YLR038C) and (YLR395C) and (YMR256C))
r_1540	((Q0045) and (Q0250) and (Q0275) and (YDL067C) and (YEL039C) and (YGL187C) and (YGL191W) and (YHR051W) and (YLR038C) and (YLR395C) and (YMR256C) and (YNL052W))
r_1541	((Q0045) and (Q0250) and (Q0275) and (YDL067C) and (YGL187C) and (YGL191W) and (YHR051W) and (YIL111W) and (YJR048W) and (YLR038C) and (YLR395C) and (YMR256C))
r_1542	((Q0045) and (Q0250) and (Q0275) and (YDL067C) and (YGL187C) and (YGL191W) and (YHR051W) and (YJR048W) and (YLR038C) and (YLR395C) and (YMR256C) and (YNL052W))
r_1543	((Q0080) and (Q0085) and (Q0130) and (YBL099W) and (YBR039W) and (YDL004W) and (YDR298C) and (YDR322C-A) and (YDR377W) and (YJR121W) and (YKL016C) and (YLR295C) and (YML081C-A) and (YPL078C) and (YPL271W))
r_1544	((Q0080) and (Q0085) and (Q0130) and (YBL099W) and (YBR039W) and (YDL004W) and (YDR298C) and (YDR377W) and (YJR121W) and (YKL016C) and (YLR295C) and (YML081C-A) and (YPL078C) and (YPL271W) and (YPR020W))
r_1545	((Q0105) and (YBL045C) and (YDR529C) and (YEL024W) and (YEL039C) and (YFR033C) and (YGR183C) and (YHR001W-A) and (YJL166W) and (YOR065W) and (YPR191W))
r_1546	((Q0105) and (YBL045C) and (YDR529C) and (YEL024W) and (YFR033C) and (YGR183C) and (YHR001W-A) and (YJL166W) and (YJR048W) and (YOR065W) and (YPR191W))
r_1547	((YAL023C) and (YDL095W))
r_1548	((YAL023C) and (YDL095W))
r_1549	((YAL044C) and (YBR221C) and (YDR019C) and (YER178W) and (YMR189W))
r_1550	((YAL044C) and (YDR019C) and (YFL018C) and (YMR189W))
r_1551	((YBL064C) and (YCR083W))
r_1552	((YBR026C) and (YER061C) and (YHR067W) and (YKL055C) and (YKL192C) and (YOR221C))
r_1553	((YBR036C) and (YDR297W))
r_1554	((YBR036C) and (YPL057C))
r_1555	((YBR115C) and (YGL154C))
r_1556	((YBR126C) and (YML100W) and (YMR261C))
r_1557	((YBR127C) and (YDL185W) and (YEL027W) and (YEL051W) and (YGR020C) and (YHR026W) and (YHR039C-A) and (YKL080W) and (YLR447C) and (YMR054W) and (YOR332W) and (YPL234C) and (YPR036W))
r_1558	((YBR127C) and (YDL185W) and (YEL027W) and (YEL051W) and (YGR020C) and (YHR026W) and (YHR039C-A) and (YKL080W) and (YLR447C) and (YOR270C) and (YOR332W) and (YPL234C) and (YPR036W))
r_1559	((YBR221C) and (YER178W) and (YFL018C) and (YGR193C) and (YNL071W))
r_1560	((YCL009C) and (YMR108W))
r_1561	((YCL035C) and (YPL091W))
r_1562	((YCR024C-A) and (YEL017C-A) and (YGL008C))
r_1563	((YCR024C-A) and (YEL017C-A) and (YPL036W))
r_1564	((YCR034W) and (YDL015C) and (YLR372W))
r_1565	((YCR083W) and (YHR106W))
r_1566	((YCR083W) and (YPL091W))
r_1567	((YDL090C) and (YKL019W))
r_1568	((YDL090C) and (YKL019W))
r_1569	((YDL174C) and (YEL039C))
r_1570	((YDL174C) and (YJR048W))
r_1571	((YDL178W) and (YEL039C))
r_1572	((YDL178W) and (YJR048W))
r_1573	((YDR098C) and (YPL091W))
r_1574	((YDR148C) and (YFL018C) and (YIL125W))
r_1575	((YDR178W) and (YJL045W) and (YKL141W) and (YLL041C))
r_1576	((YDR178W) and (YKL141W) and (YKL148C) and (YLL041C))
r_1577	((YDR204W) and (YGL119W) and (YGR255C) and (YLR201C) and (YML110C) and (YOL096C) and (YOR125C))
r_1578	((YDR331W) and (YDR434W) and (YHR188C) and (YLR088W) and (YLR459W))
r_1579	((YDR353W) and (YGR209C))
r_1580	((YDR353W) and (YLR043C))
r_1581	((YDR376W) and (YER141W) and (YPL252C))
r_1582	((YDR400W) and (YLR017W) and (YLR209C))
r_1583	((YDR402C) and (YHR042W))
r_1584	((YDR453C) and (YGR209C))
r_1585	((YDR453C) and (YLR043C))
r_1586	((YDR513W) and (YPL091W))
r_1587	((YEL038W) and (YMR009W))
r_1588	((YEL039C) and (YEL071W))
r_1589	((YEL039C) and (YKR066C))
r_1590	((YEL039C) and (YML054C))
r_1591	((YEL071W) and (YJR048W))
r_1592	((YER070W) and (YGR180C) and (YGR209C))
r_1593	((YER070W) and (YGR180C) and (YLR043C))
r_1594	((YER070W) and (YGR209C) and (YJL026W))
r_1595	((YER070W) and (YJL026W) and (YLR043C))
r_1596	((YER090W) and (YKL211C))
r_1597	((YER174C) and (YPL091W))
r_1598	((YFL022C) and (YLR060W))
r_1599	((YFR015C) and (YJL137C))
r_1600	((YFR015C) and (YKR058W))
r_1601	((YGL155W) and (YKL019W))
r_1602	((YGL205W) and (YIL160C) and (YKR009C))
r_1603	((YGL205W) and (YIL160C) and (YKR009C) and (YLR284C))
r_1604	((YGL205W) and (YIL160C) and (YKR009C) and (YLR284C) and (YNL202W))
r_1605	((YGL205W) and (YIL160C) and (YKR009C) and (YLR284C) and (YNL202W) and (YOR180C))
r_1606	((YGL205W) and (YIL160C) and (YKR009C) and (YNL202W) and (YOR180C))
r_1607	((YGL205W) and (YIL160C) and (YKR009C) and (YOR180C))
r_1608	((YGR037C) and (YKL182W) and (YNR016C) and (YPL231W))
r_1609	((YGR175C) and (YHR042W))
r_1610	((YGR175C) and (YIL043C) and (YNL111C))
r_1611	((YGR175C) and (YKL150W) and (YNL111C))
r_1612	((YGR180C) and (YGR209C) and (YIL066C))
r_1613	((YGR180C) and (YIL066C) and (YLR043C))
r_1614	((YGR209C) and (YIL010W))
r_1615	((YGR209C) and (YIL066C) and (YJL026W))
r_1616	((YGR209C) and (YLR109W))
r_1617	((YGR209C) and (YPR167C))
r_1618	((YGR240C) and (YMR205C))
r_1619	((YGR244C) and (YOR142W))
r_1620	(YHR005C)
r_1621	((YHR007C) and (YHR042W))
r_1622	((YHR007C) and (YIL043C) and (YNL111C))
r_1623	((YHR007C) and (YKL150W) and (YNL111C))
r_1624	((YHR042W) and (YMR015C))
r_1625	((YIL010W) and (YLR043C))
r_1626	((YIL043C) and (YMR015C) and (YNL111C))
r_1627	((YIL066C) and (YJL026W) and (YLR043C))
r_1628	((YJL137C) and (YLR258W))
r_1629	((YCL052C) and (YJR013W))
r_1630	((YJR048W) and (YKR066C))
r_1631	((YJR048W) and (YML054C))
r_1632	((YJR109C) and (YOR303W))
r_1633	((YKL150W) and (YMR015C) and (YNL111C))
r_1634	((YKL182W) and (YPL231W))
r_1635	((YKL188C) and (YPL147W))
r_1636	((YKR058W) and (YLR258W))
r_1637	((YLR043C) and (YLR109W))
r_1638	((YLR043C) and (YPR167C))
r_1639	((YLR246W) and (YOL110W))
r_1640	((YER093C) and (YJL058C) and (YKL203C) and (YMR068W) and (YNL006W) and (YOL078W))
r_1641	((YNL037C) and (YOR136W))
r_1642	((YPL059W) and (YPL091W))
r_1643	
r_1644	
r_1645	
r_1646	
r_1647	
r_1648	
r_1649	
r_1650	
r_1651	
r_1652	
r_1653	
r_1654	
r_1655	
r_1656	
r_1657	
r_1658	
r_1659	
r_1660	
r_1661	
r_1662	
r_1663	
r_1664	
r_1665	
r_1666	
r_1667	
r_1668	
r_1669	
r_1670	
r_1671	
r_1672	
r_1673	
r_1674	
r_1675	
r_1676	
r_1677	
r_1678	
r_1679	
r_1680	
r_1681	
r_1682	
r_1683	
r_1684	
r_1685	
r_1686	
r_1687	
r_1688	
r_1689	
r_1690	
r_1691	
r_1692	
r_1693	
r_1694	
r_1695	
r_1696	
r_1697	
r_1698	
r_1699	
r_1700	
r_1701	
r_1702	
r_1703	
r_1704	
r_1705	
r_1706	
r_1707	
r_1708	
r_1709	
r_1710	
r_1711	
r_1712	
r_1713	
r_1714	
r_1715	
r_1716	
r_1717	
r_1718	
r_1719	
r_1720	
r_1721	
r_1722	
r_1723	
r_1724	
r_1725	
r_1726	
r_1727	
r_1728	
r_1729	
r_1730	
r_1731	
r_1732	
r_1733	
r_1734	
r_1735	
r_1736	
r_1737	
r_1738	
r_1739	
r_1740	
r_1741	
r_1742	
r_1743	
r_1744	
r_1745	
r_1746	
r_1747	
r_1748	
r_1749	
r_1750	
r_1751	
r_1752	
r_1753	
r_1754	
r_1755	
r_1756	
r_1757	
r_1758	
r_1759	
r_1760	
r_1761	
r_1762	
r_1763	
r_1764	
r_1765	
r_1766	
r_1767	
r_1768	
r_1769	
r_1770	
r_1771	
r_1772	
r_1773	
r_1774	
r_1775	
r_1776	
r_1777	
r_1778	
r_1779	
r_1780	
r_1781	
r_1782	
r_1783	
r_1784	
r_1785	
r_1786	
r_1787	
r_1788	
r_1789	
r_1790	
r_1791	
r_1792	
r_1793	
r_1794	
r_1795	
r_1796	
r_1797	
r_1798	
r_1799	
r_1800	
r_1801	
r_1802	
r_1803	
r_1804	
r_1805	
r_1806	
r_1807	
r_1808	
r_1809	
r_1810	
r_1811	
r_1812	
r_1813	
r_1814	
r_1815	
r_1816	
r_1817	
r_1818	
r_1819	
r_1820	
r_1821	
r_1822	
r_1823	
r_1824	
r_1825	
r_1826	
r_1827	
r_1828	
r_1829	
r_1830	
r_1831	
r_1832	
r_1833	
r_1834	
r_1835	
r_1836	
r_1837	
r_1838	
r_1839	
r_1840	
r_1841	
r_1842	
r_1843	
r_1844	
r_1845	
r_1846	
r_1847	
r_1848	
r_1849	
r_1850	
r_1851	
r_1852	
r_1853	
r_1854	
r_1855	
r_1856	
r_1857	
r_1858	
r_1859	
r_1860	
r_1861	
r_1862	
r_1863	
r_1864	
r_1865	
